Company,City,Name,Date,Review
–ß–û–ü –ú–µ–¥–≤–µ–¥—å,UFA,–†–æ–±–µ—Ä—Ç –ú–∞—Ä–¥–∞—à–∏–Ω,29 –º–∞—Ä—Ç–∞,"–û—Ç–ª–∏—á–Ω—ã–π –ß–û–ü! –ü–æ–ª—å–∑—É—é—Å—å –∏—Ö —É—Å–ª—É–≥–∞–º–∏ —É–∂–µ –≤–æ—Å–µ–º—å –º–µ—Å—è—Ü–µ–≤, –Ω–∏–∫–∞–∫–∏—Ö –ø—Ä–µ—Ç–µ–Ω–∑–∏–π –Ω–µ –∏–º–µ—é. –ü–æ—Ä–µ–∫–æ–º–µ–Ω–¥–æ–≤–∞–ª –∫–æ–ª–ª–µ–≥–∞–º –ø–æ –±–∏–∑–Ω–µ—Å—É. –í–æ–ø—Ä–æ—Å –ø–æ –æ—Ö—Ä–∞–Ω–µ –∏–º—É—â–µ—Å—Ç–≤–∞ –ø–µ—Ä–µ—Å—Ç–∞–ª –±–µ—Å–ø–æ–∫–æ–∏—Ç—å. –û—á–µ–Ω—å –ø—Ä–æ—Ñ–µ—Å—Å–∏–æ–Ω–∞–ª—å–Ω–æ –ø–æ–¥—Ö–æ–¥—è—Ç –∫ —Å–≤–æ–∏–º –æ–±—è–∑–∞–Ω–Ω–æ—Å—Ç—è–º."
–ß–û–ü –ú–µ–¥–≤–µ–¥—å,UFA,–ö–æ–Ω—Å—Ç–∞–Ω—Ç–∏–Ω,20 –∞–ø—Ä–µ–ª—è,"–í—ã—Å—à–µ–µ —Ä—É–∫–æ–≤–æ–¥—Å—Ç–≤–æ - –≥—Ä–∞–º–æ—Ç–Ω–æ–µ –∏ –ø—Ä–æ—Ñ–µ—Å—Å–∏–æ–Ω–∞–ª—å–Ω–æ–µ. –°—Ä–µ–¥–Ω–µ–µ - –±–µ–∑–≥—Ä–∞–º–æ—Ç–Ω–æ–µ, —Å–ª—É—á–∞–π–Ω–æ–µ –∏ —Å—Ç–∞—Ä–æ–µ, —Ç—Ä—è—Å—É—â–µ–µ—Å—è –∑–∞ —Å–≤–æ–∏ –º–µ—Å—Ç–∞, –∞ –ø–æ—Ç–æ–º—É –∏ –±–µ—Å–ø—Ä–µ–¥–µ–ª—å–Ω–æ–µ. –û—Ç—Å—é–¥–∞ –∏ –±–æ–ª—å—à–∞—è —Ç–µ–∫—É—á–∫–∞."
–ß–û–ü –ú–µ–¥–≤–µ–¥—å,UFA,–ª–∏—è –≤.,29 –º–∞—Ä—Ç–∞,"–û—Ç–ª–∏—á–Ω–∞—è –∫–æ–º–ø–∞–Ω–∏—è, –ª–æ—è–ª—å–Ω–æ–µ –æ—Ç–Ω–æ—à–µ–Ω–∏–µ –∫ –∫–ª–∏–µ–Ω—Ç–∞–º! –ü–æ–ª—å–∑—É—é—Å—å —É—Å–ª—É–≥–∞–º–∏ –æ—Ö—Ä–∞–Ω—ã –±–æ–ª–µ–µ 2 –ª–µ—Ç."
–ß–û–ü –ú–µ–¥–≤–µ–¥—å,UFA,–õ–∏–ª–∏—è –¢.,29 –º–∞—Ä—Ç–∞,–û—Ç–ª–∏—á–Ω—ã–π –∏ –∫—Ä–µ–∞—Ç–∏–≤–Ω—ã–π –ß–û–ü. –†–∞–±–æ—Ç–∞—é—Ç –º–æ–ª–æ–¥—ã–µ —ç–Ω–µ—Ä–≥–∏—á–Ω—ã–µ —Ä–µ–±—è—Ç–∞.
–ß–û–ü –ú–µ–¥–≤–µ–¥—å,UFA,Alexandr,14 –Ω–æ—è–±—Ä—è 2020,"–ö–æ–Ω—Ç–æ—Ä–∞ —Ä–æ–≥–∞ –∏ –∫–æ–ø—ã—Ç–∞. –ù–∞ –∫–∞–∂–¥–æ–º —É–≥–ª—É –æ–±—ä—è–≤–ª–µ–Ω–∏—è"" –¢—Ä–µ–±—É—é—Ç—Å—è"" –∞ –ø—Ä–∏–¥—ë—à—å –∫ –Ω–∏–º –Ω–∏ –∫—Ç–æ –ø–æ —á–µ–ª–æ–≤–µ—á–µ—Å–∫–∏—Ö –∏ –Ω–µ –≥–æ–≤–æ—Ä–∏—Ç —Å —Ç–æ–±–æ–π –∏ –Ω–∏—á–µ–≥–æ –ø—Ä–µ–¥–ª–æ–∂–∏—Ç—å –Ω–µ –º–æ–≥—É—Ç"
–ß–û–ü –ú–µ–¥–≤–µ–¥—å,UFA,–ê–ª–µ–∫—Å–∞–Ω–¥—Ä –ï–ª–∏–∑–∞—Ä—å–µ–≤,29 –º–∞—Ä—Ç–∞,"–ù–∞ –º–æ–π –≤–∑–≥–ª—è–¥ –ª—É—á—à–∏–π —á–æ–ø, –ø—Ä–∏–µ–∑–∂–∞—é—Ç –±—ã—Å—Ç—Ä–æ –∏ –≤—Å–µ –≤–æ–ø—Ä–æ—Å—ã —Ä–µ—à–∞—é—Ç –≤ –¥–µ–Ω—å –æ–±—Ä–∞—â–µ–Ω–∏—è!!!"
–ß–û–ü –ú–µ–¥–≤–µ–¥—å,UFA,–í—è—á–µ—Å–ª–∞–≤ –õ.,12 –∞–ø—Ä–µ–ª—è,"–í—Å–µ —á–µ—Ç–∫–æ! –†–µ–∫–æ–º–µ–Ω–¥—É—é, –≤–º–µ—Å—Ç–µ —É–∂–µ –ø—è—Ç—å –ª–µ—Ç."
–ß–û–ü –ú–µ–¥–≤–µ–¥—å,UFA,1–¢–û–¢ 2.,28 –∏—é–Ω—è 2019,"–†–∞–±–æ—Ç–∞—é –∑–¥–µ—Å—å, –∫–æ–ª–ª–µ–∫—Ç–∏–≤ –æ—á–µ–Ω—å —Ö–æ—Ä–æ—à–∏–π, –æ—á–µ–Ω—å –¥–æ–≤–æ–ª–µ–Ω —Å–≤–æ–µ–π —Ä–∞–±–æ—Ç–æ–π –∏ –∫–∞—á–µ—Å—Ç–≤–æ–º –ø—Ä–µ–¥–æ—Å—Ç–∞–≤–ª—è–µ–º—ã—Ö —É—Å–ª—É–≥)"
–ß–û–ü –ú–µ–¥–≤–µ–¥—å,UFA,–ú–∏—Ö–∞–∏–ª –ò.,3 –æ–∫—Ç—è–±—Ä—è 2019,"–û–±—Ä–∞—â–∞–ª—Å—è –≤ –∫–æ–º–ø–∞–Ω–∏—é –ø–æ –æ—Ö—Ä–∞–Ω–µ –æ—Ñ–∏—Å–∞. –°—Ä–∞–±–æ—Ç–∞–ª–∏ —á–µ—Ç–∫–æ, –±—ã—Å—Ç—Ä–æ. –í—Å–µ–º –¥–æ–≤–æ–ª–µ–Ω!"
–ß–û–ü –ú–µ–¥–≤–µ–¥—å,UFA,–†–∏–Ω–∞ –ú—É–Ω–∞—Å–∏–ø–æ–≤–∞,4 —Ñ–µ–≤—Ä–∞–ª—è,–°–∞–º–∞—è –ª—É—á—à–∞—è –æ—Ö—Ä–∞–Ω–∞
–ß–û–ü –ú–µ–¥–≤–µ–¥—å,UFA,–†–∏–Ω–∞—Ç –ï.,30 –∞–≤–≥—É—Å—Ç–∞ 2019,–û—Ç–ª–∏—á–Ω–∞—è –æ—Ö—Ä–∞–Ω–Ω–æ–µ –∞–≥–µ–Ω—Ç—Å—Ç–≤–æ —Ä–∞–±–æ—Ç–∞—é—Ç —Ä–µ–∞–ª—å–Ω—ã–µ –ø–∞—Ü–∞–Ω—ã
–ß–û–ü –ú–µ–¥–≤–µ–¥—å,UFA,LEYLA K.,20 –∏—é–Ω—è 2019,–û—Ç–ª–∏—á–Ω—ã–π –ß–û–ü. –†–µ–±—è—Ç–∞ –ø—Ä–æ—Ñ–µ—Å—Å–∏–æ–Ω–∞–ª—ã —Å–≤–æ–µ–≥–æ –¥–µ–ª–∞.
–ß–û–ü –ú–µ–¥–≤–µ–¥—å,UFA,–†–∞–º–∏–ª—å –•–∏—Å–æ–º–∏–¥–∏–Ω–æ–≤,5 –º–∞—è 2019,–†–µ–±—è—Ç–∞ –∑–Ω–∞—é—Ç —Å–≤–æ—ë –¥–µ–ª–æ. –í—Å–µ–º —Ä–µ–∫–æ–º–µ–Ω–¥—É—é.
–ß–û–ü –ú–µ–¥–≤–µ–¥—å,UFA,danil s.,8 –∞–≤–≥—É—Å—Ç–∞ 2019,–ù–∞–¥–µ–∂–Ω–æ–µ –æ—Ö—Ä–∞–Ω–Ω–æ–µ –ø—Ä–µ–¥–ø—Ä–∏—è—Ç–∏–µ!
–ß–û–ü –ú–µ–¥–≤–µ–¥—å,UFA,–ê–ª–º–∞–∑ –ú—É—Ö–∞–º–µ—Ç–æ–≤,8 —Å–µ–Ω—Ç—è–±—Ä—è 2018,"–ù–æ—Ä–º–∞–ª—å–Ω–∞—è –æ—Ö—Ä–∞–Ω–∞, –∑–∞ –Ω–∏–∑–∫—É—é —Ü–µ–Ω—É –æ—Ç–Ω–æ—Å–∏—Ç–µ–ª—å–Ω–æ –¥—Ä—É–≥–∏—Ö —á–æ–ø–æ–≤"
–ß–û–ü –ú–µ–¥–≤–µ–¥—å,UFA,–ú–∞—Ä–∞—Ç –ë–∞—à–∞—Ä–æ–≤,8 –º–∞—Ä—Ç–∞ 2019,"–õ–∏–¥–µ—Ä —Ä—ã–Ω–∫–∞ –æ—Ö—Ä–∞–Ω–Ω—ã—Ö —É—Å–ª—É–≥, –≤—Å—ë —Å–µ—Ä—å—ë–∑–Ω–æ!!"
–ß–û–ü –ú–µ–¥–≤–µ–¥—å,UFA,Alfred Gatiatyllin,8 –º–∞—Ä—Ç–∞ 2019,"–û—Ç–ª–∏—á–Ω—ã–π –ß–û–ü, —Ä–∞–±–æ—Ç–∞–µ–º —Å –Ω–∏–º–∏ —É–∂–µ 6 –ª–µ—Ç."
–ß–û–ü –ú–µ–¥–≤–µ–¥—å,UFA,–í–∏–∫—Ç–æ—Ä –ü–æ–ª—É–±–æ—Ç–∫–æ,22 –∞–≤–≥—É—Å—Ç–∞ 2018,"–°–µ—Ä—å—ë–∑–Ω—ã–µ —Ä–µ–±—è—Ç–∞. –û—á–µ–Ω—å –æ–ø–µ—Ä–∞—Ç–∏–≤–Ω–æ —Ä–µ–∞–≥–∏—Ä—É—é—Ç –Ω–∞ –≤—ã–∑–æ–≤—ã, –ø—Ä–æ—Ñ–µ—Å—Å–∏–æ–Ω–∞–ª—ã —Å–≤–æ–µ–≥–æ –¥–µ–ª–∞."
–ß–û–ü –ú–µ–¥–≤–µ–¥—å,UFA,Nikos Woods,21 –º–∞—è 2019,–æ—Ç–ª–∏—á–Ω—ã–π —á–æ–ø
–°–ª—É–∂–±–∞ –ë–µ–∑–æ–ø–∞—Å–Ω–æ—Å—Ç–∏ –†–µ–≥–∏–æ–Ω–∞,UFA,–ê–Ω–¥—Ä–µ–π –ü.,6 –º–∞—è,"–°–æ—Ç—Ä—É–¥–Ω–∏—á–∞–µ–º —Å –ù–∏–º–∏ —É–∂–µ –±–æ–ª–µ–µ 2—Ö –ª–µ—Ç, –∑–∞ –≤—Å–µ —ç—Ç–æ –≤—Ä–µ–º—è –Ω–∏ –æ–¥–Ω–æ–≥–æ –∑–∞–º–µ—á–∞–Ω–∏—è –≤ –∞–¥—Ä–µ—Å –∫–æ–º–ø–∞–Ω–∏–∏, –≤—Å–µ–≥–¥–∞ –≤—Å–µ –æ–ø–µ—Ä–∞—Ç–∏–≤–Ω–æ –∏ –±—ã—Å—Ç—Ä–æ"
–û—Ö—Ä–∞–Ω–∞ –°–µ—Ä–≤–∏—Å,UFA,–†—É—Å–ª–∞–Ω –ò.,15 –∏—é–Ω—è 2020,"–û—Ç–ª–∏—á–Ω–∞—è, –æ–ø–µ—Ä–∞—Ç–∏–≤–Ω–∞—è –æ—Ö—Ä–∞–Ω–Ω–∞—è –æ—Ä–≥–∞–Ω–∏–∑–∞—Ü–∏—è"
–û—Ö—Ä–∞–Ω–∞ –°–µ—Ä–≤–∏—Å,UFA,–ê–ª–µ–∫—Å–∞–Ω–¥—Ä,30 —è–Ω–≤–∞—Ä—è 2020,"–ë—ã—Å—Ç—Ä–æ–µ —Ä–µ–∞–≥–∏—Ä–æ–≤–∞–Ω–∏–µ,  –∫–æ–º–ø–µ—Ç–µ–Ω—Ç–Ω—ã–µ —Å–æ—Ç—Ä—É–¥–Ω–∏–∫–∏."
–û—Ö—Ä–∞–Ω–∞ –°–µ—Ä–≤–∏—Å,UFA,[SUPPORT]–ê—Ä—Å–ª–∞–Ω –ì–∞–±–∏–¥—É–ª–ª–∏–Ω,18 –∞–≤–≥—É—Å—Ç–∞ 2020,—Ö–æ—Ä–æ—à–∞—è –æ—Ö—Ä–∞–Ω–∞
–û—Ö—Ä–∞–Ω–∞ –°–µ—Ä–≤–∏—Å,UFA,–î–∞–º–∏—Ä,17 –∞–ø—Ä–µ–ª—è 2019,–Ω–µ –ø–ª–æ—Ö–∞—è –∫–æ–º–ø–∞–Ω–∏—è.–≤—Å–µ–≥–¥–∞ —Ä–µ–∞–≥–∏—Ä—É—é—Ç –Ω–∞ —Å–æ–æ–±—â–µ–Ω–∏—è.
–û—Ö—Ä–∞–Ω–∞ –°–µ—Ä–≤–∏—Å,UFA,–ù–∞–∏–ª—å –ê.,16 –∏—é–Ω—è 2018,–°–∞–º–∞—è –ª—É—á—à–∞—è –∏ –æ—Ç–ª–∏—á–Ω–∞—è –∫–æ–Ω—Ç–æ—Ä–∞ —Ö–æ—Ä–æ—à–∏–º –ø–µ—Ä—Å–æ–Ω–∞–ª–∞–º
–°—Ç—Ä–∞–∂–Ω–∏–∫,UFA,–î–æ–±—Ä—ã–Ω—è –ù.,23 –Ω–æ—è–±—Ä—è 2018,–ù–∞–¥–µ–∂–Ω–æ–µ –∞–≥–µ–Ω—Ç—Å—Ç–≤–æ
–ì–ª–æ–±–∞–ª—å–Ω—ã–µ —Å–∏—Å—Ç–µ–º—ã –±–µ–∑–æ–ø–∞—Å–Ω–æ—Å—Ç–∏,UFA,–î–º–∏—Ç—Ä–∏–π –§–∏–ª–∏–ø–ø–æ–≤,16 –∏—é–Ω—è,"–ö–∞—á–µ—Å—Ç–≤–µ–Ω–Ω–æ–µ –≤—ã–ø–æ–ª–Ω–µ–Ω–∏–µ —Å–≤–æ–µ–π —Ä–∞–±–æ—Ç—ã, –ø–æ–Ω—Ä–∞–≤–∏–ª–æ—Å—å —á—Ç–æ —Å–æ—Ç—Ä—É–¥–Ω–∏–∫–∏ –∫–≤–∞–ª–∏—Ñ–∏—Ü–∏—Ä–æ–≤–∞–Ω–Ω–æ –æ–±—É—á–µ–Ω—ã, –Ω–µ –ø–µ–Ω—Å–∏–æ–Ω–µ—Ä—ã , –∞ –º—É–∂—á–∏–Ω—ã —Å—Ä–µ–¥–Ω–µ–≥–æ –≤–æ–∑—Ä–∞—Å—Ç–∞ , —Å–ø–æ—Ä—Ç–∏–≤–Ω–æ–≥–æ —Ç–µ–ª–æ—Å–ª–æ–∂–µ–Ω–∏—è —Å–∫–ª–∞–¥—ã–≤–∞–µ—Ç—Å—è –≤–ø–µ—á–∞—Ç–ª–µ–Ω–∏–µ , —á—Ç–æ —Å–ø–æ—Ä—Ç—Å–º–µ–Ω—ã."
–ì–ª–æ–±–∞–ª—å–Ω—ã–µ —Å–∏—Å—Ç–µ–º—ã –±–µ–∑–æ–ø–∞—Å–Ω–æ—Å—Ç–∏,UFA,–ú–∏—Ö–∞–∏–ª –ö–æ–ª–æ—Å–∫–æ–≤,16 –∏—é–Ω—è,"–û—Ç–ª–∏—á–Ω–∞—è –æ—Ö—Ä–∞–Ω–Ω–∞—è –æ—Ä–≥–∞–Ω–∏–∑–∞—Ü–∏—è, –ø–æ–ª—å–∑—É—é—Å—å –∏—Ö —É—Å–ª—É–≥–∞–º–∏ –ø—Ä–æ–±–ª–µ–º –Ω–µ—Ç, –≤–∏–¥–Ω–æ —á—Ç–æ —Ä–∞–±–æ—Ç–∞—é—Ç –ø—Ä–æ—Ñ–µ—Å—Å–∏–æ–Ω–∞–ª—ã —Å–≤–æ–µ–≥–æ –¥–µ–ª–∞ –∏ —Ü–µ–Ω—ã –≤–µ—Å—å–º–∞ –∞–¥–µ–∫–≤–∞—Ç–Ω—ã–µ. –ú–æ–ª–æ–¥—Ü—ã, —Ç–∞–∫ –¥–µ—Ä–∂–∞—Ç—å!!! üí™üëçüëçüëç–†–µ–∫–æ–º–µ–Ω–¥—É—é"
–ì–ª–æ–±–∞–ª—å–Ω—ã–µ —Å–∏—Å—Ç–µ–º—ã –±–µ–∑–æ–ø–∞—Å–Ω–æ—Å—Ç–∏,UFA,Marolban,21 –∏—é–Ω—è,"–í—ã—Å–æ–∫–æ–∫–≤–∞–ª–∏—Ñ–∏—Ü–∏—Ä–æ–≤–∞–Ω–Ω—ã–µ —Å–æ—Ç—Ä—É–¥–Ω–∏–∫–∏, –æ—Ñ–æ—Ä–º–ª–µ–Ω–∏–µ –∑–∞ 5 –º–∏–Ω—É—Ç, –∫–∞—á–µ—Å—Ç–≤–æ —É—Å–ª—É–≥ –Ω–∞ –≤—ã—Å–æ—Ç–µ"
–î–∞–Ω,UFA,–ù–∞—Ç–∞–ª—å—è –ö—Ä–∏–≤–æ—à–µ–µ–≤–∞,21 –∏—é–ª—è,"–°–æ—Ç—Ä—É–¥–Ω–∏–∫–∏ –ì–ö–ë 18 ,–ø–æ–ª–∏–∫–ª–∏–Ω–∏–∫–∞ 2 –≤—ã—Ä–∞–∂–∞—é—Ç –±–ª–∞–≥–æ–¥–∞—Ä–Ω–æ—Å—Ç—å –æ—Ö—Ä–∞–Ω–Ω–∏–∫—É –ø–æ–ª–∏–∫–ª–∏–Ω–∏–∫–∏ –ö–æ—Ä–Ω–µ–µ–≤–æ–π–°.–ú –∑–∞ –≤—ã—Å–æ–∫–æ–µ –∫–∞—á–µ—Å—Ç–≤–æ —É—Å–ª—É–≥ –ø—Ä –æ—Ö—Ä–∞–Ω–µ –æ–±—å–µ–∫—Ç–∞ !"
–î–∞–Ω,UFA,–ª–∏–∞–Ω–∞ –ª–µ–º–µ—à–µ–≤–∞,9 —Ñ–µ–≤—Ä–∞–ª—è,"–£–∂–∞—Å–Ω–æ–µ –æ—Ç–Ω–æ—à–µ–Ω–∏–µ. –û—Ö—Ä–∞–Ω—É –ø–æ–¥–±–∏—Ä–∞—é—Ç —Å –ø–æ–º–æ–π–∫–∏ –Ω–∞–≤–µ—Ä–Ω–æ–µ. —á–µ–≥–æ —Å—Ç–æ–∏—Ç —ç—Ç–∞ –¥–∞–º–∞. –í–µ—á–Ω–æ —Å –ø–µ—Ä–µ–≥–∞—Ä–æ–º ,  –ø—Ä–æ–∫—É—Ä–µ–Ω–Ω—ã–º –≤–∏–¥–æ–º –∏ –ø–æ–º—è—Ç—ã–º –ª–∏—Ü–æ–º. –ü–æ—Å—Ç–æ—è–Ω–Ω–æ –≥—Ä—É–±–∏—Ç, —Ö–∞–º–∏—Ç –∞ –∫–æ–Ω–∫—Ä–µ—Ç–Ω–æ –ö–æ—Ä–Ω–µ–µ–≤–∞ –°,  –í –ø–æ–º–µ—â–µ–Ω–∏–∏  —É–º—É–¥—Ä—è–µ—Ç—Å—è –∫—É—Ä–∏—Ç—å."
–î–∞–Ω,UFA,Nelly,12 —è–Ω–≤–∞—Ä—è 2019,–ß–û–ü –æ—á–µ–Ω—å —Ö–æ—Ä–æ—à–æ —Å–µ–±—è –∑–∞—Ä–µ–∫–æ–º–µ–Ω–¥–æ–≤–∞–ª –≤ —Å—Ñ–µ—Ä–µ –æ—Ö—Ä–∞–Ω—ã. –®–∏—Ä–æ–∫–∏–π –∞—Å—Å–æ—Ä—Ç–∏–º–µ–Ω—Ç —É—Å–ª—É–≥ –∏ –∫–∞—á–µ—Å—Ç–≤–µ–Ω–Ω–æ–µ –∏—Å–ø–æ–ª–Ω–µ–Ω–∏–µ.
–î–∞–Ω,UFA,–°–∞–ª–∞–≤–∞—Ç –§–∞–π–∑—É–ª–ª–∏–Ω,8 –∞–ø—Ä–µ–ª—è 2020,–í—Å–µ–º —Ä–µ–∫–æ–º–µ–Ω–¥—É—é –û–û–û –ß–û–ü ¬´–î–ê–ù¬ª –Ω–∞–¥—ë–∂–Ω–∞—è –∫–æ–Ω—Ç–æ—Ä–∞
–î–∞–Ω,UFA,–°–≤–µ—Ç–ª–∞–Ω–∞ –ö.,22 –Ω–æ—è–±—Ä—è 2018,"–•–æ—Ä–æ—à–µ–µ –ø—Ä–µ–¥–ø—Ä–∏—è—Ç–∏–µ ,–ø–æ—Ä—è–¥–æ—á–Ω–æ–µ –∏ –∫—É–ª—å—Ç—É—Ä–Ω–æ–µ —Ä—É–∫–æ–≤–æ–¥—Å—Ç–≤–æ. –£–¥–∞—á–∏ –≤ –¥–∞–ª—å–Ω–µ–π—à–µ–π —Ä–∞–±–æ—Ç–µ !"
–ë–ª–∏—Ü,UFA,–ù–∞—Ç–∞—à–∞ –ö—É–ª–∏–∫–æ–≤–∞,18 —è–Ω–≤–∞—Ä—è 2019,–Ø —Ä–∞–±–æ—Ç–∞–ª–∞ —Ç–∞–º –Ω–æ –∫ —Å–æ–∂–∞–ª–µ–Ω–∏—é —Ç–æ–ª—å–∫–æ –ø–æ–ª–≥–æ–¥–∞ –∫–æ–ª–ª–µ–∫—Ç–∏–≤ –æ—á–µ–Ω—å —Ö–æ—Ä–æ—à–∏–π.–æ—Ç–Ω–æ—à–µ–Ω–∏–µ –∫ —Ä–∞–±–æ—Ç–Ω–∏–∫—É —Ä–∞–∑–Ω–æ–µ –Ω–æ –º–Ω–µ —ç—Ç–∞ –∫–æ–º–ø–∞–Ω–∏—è –Ω—Ä–∞–≤–∏—Ç—Å—è
–ë–ª–∏—Ü,UFA,–ù–∞–∑–∏—Ä –ù.,12 –æ–∫—Ç—è–±—Ä—è 2019,–•–æ—Ä–æ—à–æ–µ —á–∞—Å—Ç–Ω–æ–µ –æ—Ö—Ä–∞–Ω–Ω–æ–µ –ø—Ä–µ–¥–ø—Ä–∏—è—Ç–∏–µ
–ß–û–ü –¢–µ–Ω—å,UFA,–ê–ª—å–±–µ—Ä—Ç,29 –º–∞—Ä—Ç–∞,"–û—Ä–≥–∞–Ω–∏–∑–∞—Ü–∏—è –∏–º–µ–µ—Ç –æ—Ç–ª–∏—á–Ω—É—é —Ä–µ–ø—É—Ç–∞—Ü–∏—é
–û—Å–Ω–æ–≤–∞–Ω–∞ –≤ 90—Ö –∏ –ø—Ä–æ–¥–æ–ª–∂–∞–µ—Ç —Å–≤–æ—é –¥–µ—è—Ç–µ–ª—å–Ω–æ—Å—Ç—å –ø–æ —Å–µ–π –¥–µ–Ω—å,. –†–µ–∫–æ–º–µ–Ω–¥—É—é"
–ß–û–ü –¢–µ–Ω—å,UFA,—ç–Ω–≤–µ—Ä –≥–∏–ª—è–∑–æ–≤,26 –º–∞—Ä—Ç–∞,"–û–±—Ä–∞—â–∞–π—Ç–µ—Å—å, –≤—Å–µ–≥–¥–∞ –Ω–∞ —Å–≤—è–∑–∏!!!"
–¶–µ–Ω—Ç—É—Ä–∏–æ–Ω-–õ–æ–Ω–≥–µ,UFA,–∏—Ä–∏–Ω–∞ –≥.,10 —Å–µ–Ω—Ç—è–±—Ä—è,"–û—Ç–≤—Ä–∞—Ç–∏—Ç–µ–ª—å–Ω–æ–µ, —Ö–∞–º—Å–∫–æ–µ –æ—Ç–Ω–æ—à–µ–Ω–∏–µ –æ—Ö—Ä–∞–Ω—ã –∏ —Ä—É–∫–æ–≤–æ–¥—Å—Ç–≤–∞. –ö–∞–∫ —Ç–∞–∫–∏–º –≤–æ–∑—Ä–∞—Å—Ç–Ω—ã–º –ª—é–¥—è–º —Å–º–æ–≥–ª–∏ –≤—ã–¥–∞—Ç—å –ª–∏—Ü–µ–Ω–∑–∏—é –æ—Ö—Ä–∞–Ω–Ω–∏–∫–∞? –≠—Ç–∞ –∂–µ–Ω—â–∏–Ω–∞ —Å–æ —Å—Ç—É–ª–∞ –≤—Å—Ç–∞—Ç—å –Ω–µ –º–æ–∂–µ—Ç –∫–∞–∫ —Å–º–æ–≥–ª–∞ –ø–æ–ª—É—á–∏—Ç—å —É–¥–æ—Å—Ç–æ–≤–µ—Ä–µ–Ω–∏–µ?"
–¶–µ–Ω—Ç—É—Ä–∏–æ–Ω-–õ–æ–Ω–≥–µ,UFA,–ú–∞—Ä–∞—Ç,19 –∞–ø—Ä–µ–ª—è 2020,"–°–∞–º–æ–µ –ø–ª–æ—Ö–æ–µ –º–µ—Å—Ç–æ —Ä–∞–±–æ—Ç—ã –∑–∞ –≤—Å—é –º–æ—é –∂–∏–∑–Ω—å. –£—Å–ª–æ–≤–∏–π –¥–ª—è —Ä–∞–±–æ—Ç—ã –Ω–∏–∫–∞–∫–∏—Ö –Ω–µ—Ç. –ù–µ —Ç–µ—Ä—è–π—Ç–µ –≤—Ä–µ–º—è –∑—Ä—è, –Ω–µ —Ö–æ–¥–∏—Ç–µ —Ç—É–¥–∞ –Ω–∞ —Ä–∞–±–æ—Ç—É. –ü–æ –∑–∞—Ä–∞–±–æ—Ç–Ω–æ–π –ø–ª–∞—Ç–µ —Ç–∞–∫–∂–µ –æ–±–º–∞–Ω."
–¶–µ–Ω—Ç—É—Ä–∏–æ–Ω-–õ–æ–Ω–≥–µ,UFA,–ê–ª–∏–∫ –¢—É–≥–∏–µ–≤,6 —è–Ω–≤–∞—Ä—è 2020,–∑–∞–≥–æ—Ä–∞–∂–∏–≤–∞—é—Ç –ø–æ–µ–∑–¥ —á–∞—Å—Ç–µ–Ω—å–∫–æ. –º–æ—é—Ç –º–∞—à–∏–Ω—ã –ø–µ—Ä–µ–¥ –ø–æ–¥—å–µ–∑–¥–æ–º
–¶–µ–Ω—Ç—É—Ä–∏–æ–Ω-–õ–æ–Ω–≥–µ,UFA,SERGEI.SERGEI.ZA,14 —è–Ω–≤–∞—Ä—è 2020,10 –ª–µ—Ç –≤—ã–≤–µ—Å–∫–µ.–º–æ–æ–∂–µ—Ç –±—ã—Ç—å –Ω–æ—Ä–º–∞–ª—å–Ω—ã–º.
–ß–∞—Å—Ç–Ω–æ–µ –æ—Ö—Ä–∞–Ω–Ω–æ–µ –ø—Ä–µ–¥–ø—Ä–∏—è—Ç–∏–µ –î–µ–ª—å—Ç–∞ –°–∞—Ñ–∏—Ç–∏,UFA,Nikos Woods,18 –∏—é–ª—è 2019,–æ—Ç–ª–∏—á–Ω—ã–π —á–æ–ø
–ß–∞—Å—Ç–Ω–æ–µ –æ—Ö—Ä–∞–Ω–Ω–æ–µ –ø—Ä–µ–¥–ø—Ä–∏—è—Ç–∏–µ –î–µ–ª—å—Ç–∞ –°–∞—Ñ–∏—Ç–∏,UFA,–ê–Ω–æ–Ω–∏–º–Ω—ã–π –æ—Ç–∑—ã–≤,27 –∞–≤–≥—É—Å—Ç–∞ 2013,"–ú–æ–≥—É —Å–∫–∞–∑–∞—Ç—å –ø–∞—Ä—É —Å–ª–æ–≤ –ø—Ä–æ –æ—Ö—Ä–∞–Ω–Ω—É—é –æ—Ä–≥–∞–Ω–∏–∑–∞—Ü–∏—é –î–ï–õ–¨–¢–ê, –Ω–æ –∫ —Å–æ–∂–∞–ª–µ–Ω–∏—é –Ω–µ –æ—á–µ–Ω—å –ª–µ—Å—Ç–Ω—ã—Ö !! –£ –º–æ–∏—Ö —Å–æ–≤–ª–∞–¥–µ–ª—å—Ü–µ–≤ —Å—Ç–æ–∏—Ç –¥–∞–Ω–Ω–∞—è –æ—Ö—Ä–∞–Ω–∫–∞, —Ç–∞–∫ –≤–æ—Ç –∏—Ö –æ—Ö—Ä–∞–Ω–Ω–∏–∫–∏ –ø—Ä–∏–µ–∑–∂–∞—é—Ç , –Ω–æ –Ω–µ –∫–∞–∫ –ø—Ä–∞–≤–∏–ª–æ –≤—ã–∑–æ–≤ –ª–æ–∂–Ω—ã–π, –≤–∏–¥–∏–º–æ –ø—Ä–æ–±–ª–µ–º—ã —Å –∏—Ö –æ–±–æ—Ä—É–¥–æ–≤–∞–Ω–∏–µ–º. –ù–æ –Ω–∏ —ç—Ç–æ –≥–ª–∞–≤–Ω–æ–µ!! –û–Ω–∏ –ø–µ—Ä–µ–ø—Ä—ã–≥–∏–≤–∞—é—Ç —á–µ—Ä–µ–∑ –∑–∞–±–æ—Ä –∏ –ª–æ–º—è—Ç—Å—è –≤ —á—É–∂–æ–π –¥–æ–º –∏ —Ç–∞–∫ –∫–∞–∂–¥—ã–π —Ä–∞–∑ –≤ —Ç–µ—á–µ–Ω–∏–∏ –≥–æ–¥–∞ . –ò –æ–±—ä—è—Å–Ω—è—Ç—å –±–µ—Å–ø–æ–ª–µ–∑–Ω–æ —á—Ç–æ —ç—Ç–æ –Ω–µ –∏—Ö –æ–±—ä–µ–∫—Ç , –æ–Ω–∏ –≤—Å—ë —Ä–∞–≤–Ω–æ –ª–µ–∑—É—Ç. –ò –≤–æ–æ–±—â–µ —è —Å–ª—ã—à–∞–ª–∞ —á—Ç–æ –ø–æ—Å–ª–µ —Ç–∞–∫–∏—Ö –ø–æ—Å–µ—â–µ–Ω–∏–π —É –ª—é–¥–µ–π —á–∞—Å—Ç–æ —á—Ç–æ-—Ç–æ –ø—Ä–æ–ø–∞–¥–∞–µ—Ç. –í–æ—Ç –ø–æ–π–¥—É –∂–∞–ª–æ–≤–∞—Ç—å—Å—è –Ω–∞ –õ–µ–Ω–∏–Ω–∞ 200, –≥–æ–≤–æ—Ä—è—Ç –æ–Ω–∏ –±–æ—è—Ç—Å—è –ü–æ–ª–∏—Ü–∏—é –æ–±—â–µ—Å—Ç–≤–µ–Ω–Ω–æ–π –±–µ–∑–æ–ø–∞—Å–Ω–æ—Å—Ç–∏ . –¢–∞–∫ —á—Ç–æ –ª—é–¥–∏ –ø–æ–¥—É–º–∞–π—Ç–µ –∞ —Å—Ç–æ–∏—Ç –ª–∏ ???"
–†–Ω-–û—Ö—Ä–∞–Ω–∞-–£—Ñ–∞,UFA,–ú—É—Ö—Ç–∞—Ä –ì–æ–ª–æ–≤–∞–Ω–æ–≤,11 –∏—é–Ω—è,"–ù–µ —Å–æ–≤–µ—Ç—É—é –∫–∞–∫ –ß–û–ü! —Å–æ—Ç—Ä—É–¥–Ω–∏–∫–∏ –∫–æ–º–ø–∞–Ω–∏–∏ –∑–∞—Å—Ç—É–ø–∞—é—Ç –Ω–∞ –ø–æ—Å—Ç—ã —Å—É—Ç–∫–∏ —á–µ—Ä–µ–∑ –¥–≤–æ–µ, —É—Å—Ç–∞–≤—à–∏–µ, –∏–∑-–∑–∞ —ç—Ç–æ–≥–æ –±–¥–∏—Ç–µ–ª—å–Ω–æ—Å—Ç—å —Å–ª–∞–±–∞—è! –ñ–∞–ª—É—é—Ç—Å—è –Ω–∞ –º–∞–ª–µ–Ω—å–∫—É—é –∑–∞—Ä–ø–ª–∞—Ç—É, —Ö–æ—Ç—è –º—ã –∫–∞–∫ (–∑–∞–∫–∞–∑—á–∏–∫) –ø–ª–∞—Ç–∏–º –Ω–æ—Ä–º–∞–ª—å–Ω–æ."
–†–Ω-–û—Ö—Ä–∞–Ω–∞-–£—Ñ–∞,UFA,–ö–æ–Ω—Å—Ç–∞–Ω—Ç–∏–Ω,3 –º–∞—è,"–ò–∑-–∑–∞ –∏–∑ –∞–≤—Ç–æ–º–æ–±–∏–ª–µ–π –≤–æ–∑–ª–µ –∑–¥–∞–Ω–∏—è –Ω–µ–≤–æ–∑–º–æ–∂–Ω–æ –ø—Ä–æ–π—Ç–∏, –∞ –¥–ª—è –∂–∏–ª—å—Ü–æ–≤ –¥–æ–º–∞ –Ω–µ—Ç –≤–æ–∑–º–æ–∂–Ω–æ—Å—Ç–∏ –ø—Ä–∏–ø–∞—Ä–∫–æ–≤–∞—Ç—å—Å—è. –ü—É—Å—Ç—å –æ—Ñ–∏—Å –ø–µ—Ä–µ–Ω–æ—Å—è—Ç –∫—É–¥–∞-–Ω–∏–±—É–¥—å –≤... –ö—É—Ä–∞—Å–∫–æ–≤–æ —Ö–æ—Ç—è –±—ã."
–†–Ω-–û—Ö—Ä–∞–Ω–∞-–£—Ñ–∞,UFA,–º–∞—Ä–∞—Ç —Ä–∞—Ö–∏–º–æ–≤,14 –æ–∫—Ç—è–±—Ä—è 2020,–°–µ—Ä—å–µ–∑–Ω–∞—è –æ—Ä–≥–∞–Ω–∏–∑–∞—Ü–∏—è
–£—Ñ–∏–º—Å–∫–∏–π –æ—Ç—Ä—è–¥ –í–µ–¥–æ–º—Å—Ç–≤–µ–Ω–Ω–æ–π –æ—Ö—Ä–∞–Ω—ã –∂–µ–ª–µ–∑–Ω–æ–¥–æ—Ä–æ–∂–Ω–æ–≥–æ —Ç—Ä–∞–Ω—Å–ø–æ—Ä—Ç–∞ –†–æ—Å—Å–∏–π—Å–∫–æ–π –§–µ–¥–µ—Ä–∞—Ü–∏–∏ —Ñ–∏–ª–∏–∞–ª –Ω–∞ –ö—É–π–±—ã—à–µ–≤—Å–∫–æ–π –∂–µ–ª–µ–∑–Ω–æ–π –¥–æ—Ä–æ–≥–µ,UFA,–ê–ª—ë–Ω–∞ –í–∏–ª–∏—Å—Ç–µ—Ä,5 —Å–µ–Ω—Ç—è–±—Ä—è 2019,"–£–¥–æ–±–Ω—ã–π –≥—Ä–∞—Ñ–∏–∫, —Å—Ç–∞–±–∏–ª—å–Ω–∞—è –∑–∞—Ä–ø–ª–∞—Ç–∞, —Ö–æ—Ç—è.  –ù–µ–≤—ã—Å–æ–∫–∞—è. –†–∞–∑—Ä–µ—à–µ–Ω–∞ –ø–æ–¥—Ä–∞–±–æ—Ç–∫–∞ –ø–æ –¥–æ–ø.–¥–æ–≥–æ–≤–æ—Ä—É –Ω–∞ —Ç–µ—Ö –∂–µ —É—Å–ª–æ–≤–∏—è—Ö"
–£—Ñ–∏–º—Å–∫–∏–π –æ—Ç—Ä—è–¥ –í–µ–¥–æ–º—Å—Ç–≤–µ–Ω–Ω–æ–π –æ—Ö—Ä–∞–Ω—ã –∂–µ–ª–µ–∑–Ω–æ–¥–æ—Ä–æ–∂–Ω–æ–≥–æ —Ç—Ä–∞–Ω—Å–ø–æ—Ä—Ç–∞ –†–æ—Å—Å–∏–π—Å–∫–æ–π –§–µ–¥–µ—Ä–∞—Ü–∏–∏ —Ñ–∏–ª–∏–∞–ª –Ω–∞ –ö—É–π–±—ã—à–µ–≤—Å–∫–æ–π –∂–µ–ª–µ–∑–Ω–æ–π –¥–æ—Ä–æ–≥–µ,UFA,–ò–ª—å–¥—É—Å –°–∞—Ö–∞—É—Ç–¥–∏–Ω–æ–≤,21 –æ–∫—Ç—è–±—Ä—è 2019,"–ê–∫—Ç–∏–≤–Ω–∞—è –∂–∏–∑–Ω—å —É –Ω–∏—Ö –º–µ–¥–∞–ª–∏ü•á, –∫—É–±–∫–∏üèÜ
 –î–æ—Ä–æ–≥–æüõ£Ô∏è —Ç—É–¥–∞ —Ç–æ–ª—å–∫–æ —Ä–∞–∑–±–∏—Ç–∞."
–£—Ñ–∏–º—Å–∫–∏–π –æ—Ç—Ä—è–¥ –í–µ–¥–æ–º—Å—Ç–≤–µ–Ω–Ω–æ–π –æ—Ö—Ä–∞–Ω—ã –∂–µ–ª–µ–∑–Ω–æ–¥–æ—Ä–æ–∂–Ω–æ–≥–æ —Ç—Ä–∞–Ω—Å–ø–æ—Ä—Ç–∞ –†–æ—Å—Å–∏–π—Å–∫–æ–π –§–µ–¥–µ—Ä–∞—Ü–∏–∏ —Ñ–∏–ª–∏–∞–ª –Ω–∞ –ö—É–π–±—ã—à–µ–≤—Å–∫–æ–π –∂–µ–ª–µ–∑–Ω–æ–π –¥–æ—Ä–æ–≥–µ,UFA,–≤–∞–ª–µ—Ä–∞ –Ω–∏–∫–æ–ª–∞–µ–≤,29 –º–∞—Ä—Ç–∞ 2020,–û–Ω–∏ —Ä–∞–±–æ—Ç–∞—é—Ç –ø—Ä–æ—Ñ–µ—Å—Å–∏–æ–Ω–∞–ª—å–Ω–æ
–£—Ñ–∏–º—Å–∫–∏–π –æ—Ç—Ä—è–¥ –í–µ–¥–æ–º—Å—Ç–≤–µ–Ω–Ω–æ–π –æ—Ö—Ä–∞–Ω—ã –∂–µ–ª–µ–∑–Ω–æ–¥–æ—Ä–æ–∂–Ω–æ–≥–æ —Ç—Ä–∞–Ω—Å–ø–æ—Ä—Ç–∞ –†–æ—Å—Å–∏–π—Å–∫–æ–π –§–µ–¥–µ—Ä–∞—Ü–∏–∏ —Ñ–∏–ª–∏–∞–ª –Ω–∞ –ö—É–π–±—ã—à–µ–≤—Å–∫–æ–π –∂–µ–ª–µ–∑–Ω–æ–π –¥–æ—Ä–æ–≥–µ,UFA,–û–ª–µ–≥ –û.,6 —è–Ω–≤–∞—Ä—è 2020,–†–∞–±–æ—Ç–∞ –∫–∞–∫ —Ä–∞–±–æ—Ç–∞)))–£ –º–µ–Ω—è –ª—É—á—à–µ!!!
–£—Ñ–∏–º—Å–∫–∏–π –æ—Ç—Ä—è–¥ –í–µ–¥–æ–º—Å—Ç–≤–µ–Ω–Ω–æ–π –æ—Ö—Ä–∞–Ω—ã –∂–µ–ª–µ–∑–Ω–æ–¥–æ—Ä–æ–∂–Ω–æ–≥–æ —Ç—Ä–∞–Ω—Å–ø–æ—Ä—Ç–∞ –†–æ—Å—Å–∏–π—Å–∫–æ–π –§–µ–¥–µ—Ä–∞—Ü–∏–∏ —Ñ–∏–ª–∏–∞–ª –Ω–∞ –ö—É–π–±—ã—à–µ–≤—Å–∫–æ–π –∂–µ–ª–µ–∑–Ω–æ–π –¥–æ—Ä–æ–≥–µ,UFA,–í–∞–¥–∏–º –ë.,13 –º–∞—è 2020,–û—á–µ–Ω—å –º–∞–ª–µ–Ω—å–∫–∏–µ –ó–ü.
–£—Ñ–∏–º—Å–∫–∏–π –æ—Ç—Ä—è–¥ –í–µ–¥–æ–º—Å—Ç–≤–µ–Ω–Ω–æ–π –æ—Ö—Ä–∞–Ω—ã –∂–µ–ª–µ–∑–Ω–æ–¥–æ—Ä–æ–∂–Ω–æ–≥–æ —Ç—Ä–∞–Ω—Å–ø–æ—Ä—Ç–∞ –†–æ—Å—Å–∏–π—Å–∫–æ–π –§–µ–¥–µ—Ä–∞—Ü–∏–∏ —Ñ–∏–ª–∏–∞–ª –Ω–∞ –ö—É–π–±—ã—à–µ–≤—Å–∫–æ–π –∂–µ–ª–µ–∑–Ω–æ–π –¥–æ—Ä–æ–≥–µ,UFA,–¢–∞–≥–∏—Ä –ì.,6 –º–∞—Ä—Ç–∞ 2020,–¢–∞–º –≤—Å–µ –≤ –Ω–æ—Ä–º–µ
–£—Ñ–∏–º—Å–∫–∏–π –æ—Ç—Ä—è–¥ –í–µ–¥–æ–º—Å—Ç–≤–µ–Ω–Ω–æ–π –æ—Ö—Ä–∞–Ω—ã –∂–µ–ª–µ–∑–Ω–æ–¥–æ—Ä–æ–∂–Ω–æ–≥–æ —Ç—Ä–∞–Ω—Å–ø–æ—Ä—Ç–∞ –†–æ—Å—Å–∏–π—Å–∫–æ–π –§–µ–¥–µ—Ä–∞—Ü–∏–∏ —Ñ–∏–ª–∏–∞–ª –Ω–∞ –ö—É–π–±—ã—à–µ–≤—Å–∫–æ–π –∂–µ–ª–µ–∑–Ω–æ–π –¥–æ—Ä–æ–≥–µ,UFA,–ü–∞–≤–ª–æ–≤ –í—è—á–µ—Å–ª–∞–≤,20 –æ–∫—Ç—è–±—Ä—è 2019,–ó–∞—Ä–ø–ª–∞—Ç–∞ –∫–∞–∫ —É —Å—Ç–æ—Ä–æ–∂–∞
–ê–ù-–°–µ–∫—å—é—Ä–∏—Ç–∏,UFA,–ò–≥–æ—Ä—å –î–æ–±—Ä–æ–≤–æ–ª–µ—Ü,16 –∏—é–Ω—è,"–°–æ–≤–µ—Ç---—É–±–µ—Ä–∏—Ç–µ –≤—ã –ñ–¥–∞–Ω–æ–≤–∞ —Å –¢–†–¶ –ü–ª–∞–Ω–µ—Ç–∞ –≤ –£—Ñ–µ. –ò–∑ –Ω–µ–≥–æ —Å—Ç–∞—Ä—à–∏–π –æ–±—ä–µ–∫—Ç–∞ , –∫–∞–∫ –∏–∑ –≥–æ–≤–Ω–∞ —Å–Ω–∞—Ä—è–¥. –ò—Å—Ç–µ—Ä–∏–∫,–≥—Ä—É–±–∏—è–Ω. –û—Ö—Ä–∞–Ω–Ω–∏–∫ –¥–ª—è –Ω–µ–≥–æ –Ω–µ —á–µ–ª–æ–≤–µ–∫. –õ–∏–∂–µ—Ç –∑–∞–¥–Ω–∏—Ü—É –∞–¥–º–∏–Ω–∞ –¢–†–¶ –∏ –Ω–∞—á–∞–ª—å—Å—Ç–≤—É –ê–ù. –í—Å–µ —ç—Ç–æ –∑–∞ —Å—á—ë—Ç –æ—Ö—Ä–∞–Ω—ã. –õ—é–¥–µ–π –ó–ê–°–¢–ê–í–õ–Ø–ï–¢ —Ä–∞–±–æ—Ç–∞—Ç—å –ø–æ 36 –∏ 48 —á–∞—Å–æ–≤ –±–µ–∑ —Å–Ω–∞. –ù–∞ —Ä–µ–∞–ª—å–Ω—ã–µ –≤–æ–ø—Ä–æ—Å—ã –æ—Ä–µ—Ç –≤ –æ—Ç–≤–µ—Ç –º–∞—Ç–æ–º. –ö—Ç–æ –ø—Ä–æ—Ç–∏–≤+- –Ω–∞ –≤—ã–ª–µ—Ç. –ò—Ç–æ–≥--- –∫–∞–∂–¥—É—é —Å–º–µ–Ω—É –Ω–µ —Ö–≤–∞—Ç–∞–µ—Ç –æ—Ç —Ç—Ä—ë—Ö –¥–æ –í–û–°–¨–ú–ò  —á–µ–ª–æ–≤–µ–∫ –Ω–∞ —Å–º–µ–Ω–µ. –ù–æ—á—å—é –æ—Å—Ç–∞—ë—Ç—Å—è –æ—Ç —Å–∏–ª—ã —á–µ—Ç–≤–µ—Ä–æ –Ω–∞ –≤–µ—Å—å –¢–†–¶.  –û—Ö—Ä–∞–Ω–∞ –Ω–µ–¥–µ–µ—Å–ø–æ—Å–æ–±–Ω—ã –Ω–∞ —ç—Ç–æ–º –æ–±—ä–µ–∫—Ç–µ. –ü–∞—Ç—Ä—É–ª—è –Ω–µ—Ç, –ù–∞ –ü–¶–ù –∑–∞—á–∞—Å—Ç—É—é –æ–¥–∏–Ω —á–µ–ª–æ–≤–µ–∫. –ü–æ–ª–æ–≤–∏–Ω–∞ –ø–æ—Å—Ç–æ–≤ –Ω–µ –ø–µ—Ä–µ–∫—Ä—ã—Ç–∞. –ü—Ä–∏ –∫–æ–Ω–∫—É—Ä–µ–Ω—Ç–æ—Å–ø–æ—Å–æ–±–Ω–æ–π –¥–ª—è –£—Ñ—ã –∑–∞ —É–º—É–¥—Ä–∏–ª—Å—è –æ—Å—Ç–∞—Ç—å—Å—è –ø—Ä–∞–∫—Ç–∏—á–µ—Å–∫–∏ –±–µ–∑ –õ–°. –¢–∞–∫ –¥–µ—Ä–∂–∞—Ç—å!!!"
–ê–ª—å—è–Ω—Å-–†–µ–≥–∏–æ–Ω,UFA,–°–µ—Ä–≥–µ–π –ì—é–Ω—Ç–µ—Ä,8 –¥–µ–∫–∞–±—Ä—è 2019,"–ß–û–û ""–ê–ª—å—è–Ω—Å-–†–µ–≥–∏–æ–Ω"". –ó–∞ 3 –º–µ—Å—è—Ü–∞ —Ä–∞–±–æ—Ç—ã (–≤—ã–¥–µ—Ä–∂–∞–ª –∫–æ–µ-–∫–∞–∫) –ø–æ–ª—É—á–∏–ª 16 —Ç—ã—Å—è—á. –ò —Ç–æ –ø—Ä–∏—Ö–æ–¥–∏–ª–æ—Å—å —á—É—Ç—å –ª–∏ –Ω–µ –≤—ã–ø—Ä–∞—à–∏–≤–∞—Ç—å. –î–∏—Ä–µ–∫—Ç–æ—Ä —Ç–æ–ª—å–∫–æ –ø–æ–±–æ–ª—Ç–∞—Ç—å –ª—é–±–∏—Ç, –∞ –Ω–∞ —Å–æ—Ç—Ä—É–¥–Ω–∏–∫–æ–≤ –µ–º—É –æ—Ç–∫—Ä–æ–≤–µ–Ω–Ω–æ –ø–æ—Å.–∞—Ç—å. –†—É–∫–æ–≤–æ–¥–∏—Ç–µ–ª–∏ –ø–æ–¥—Ä–∞–∑–¥–µ–ª–µ–Ω–∏–π –∏–Ω–æ–≥–¥–∞ –¥–∞–∂–µ –Ω–µ –∑–Ω–∞—é—Ç, –∫—Ç–æ —É –Ω–∏—Ö –Ω–∞ –ø–æ—Å—Ç–∞—Ö —Å—Ç–æ–∏—Ç..."
–ê–ª—å—è–Ω—Å-–†–µ–≥–∏–æ–Ω,UFA,zakiiev52,25 –º–∞—Ä—Ç–∞ 2020,–õ—é–¥–µ–π —Ç–∞–º –∑–∞ –≥—Ä—è–∑—å —Å—á–µ—Ç–∞—é—Ç
–û—Ö—Ä–∞–Ω–∞ —Å–µ—Ä–≤–∏—Å,UFA,–ú–∞—Ä—Å–µ–ª—å –•.,13 —Ñ–µ–≤—Ä–∞–ª—è 2020,–°–∞–º–æ–µ –ª—É—á—à–µ–µ –æ—Ö—Ä–∞–Ω–Ω–æ–µ –∞–≥–µ–Ω—Ç—Å—Ç–≤–æ –≤ –Ω–∞—à–µ–º –≥–æ—Ä–æ–¥–µ.
–û—Ö—Ä–∞–Ω–∞ —Å–µ—Ä–≤–∏—Å,UFA,Chegyrn,2 –∞–≤–≥—É—Å—Ç–∞ 2020,"–ù–∞—Ö–æ–¥–∏—Ç—Å—è –Ω–∞ –∑–∞–¥–≤–æ—Ä–∫–∞—Ö, –ø–æ–¥—Ö–æ–¥ –æ—á–µ–Ω—å –Ω–µ—É–¥–æ–±–µ–Ω."
–û—Ç–¥–µ–ª –û—Ä–¥–∂–æ–Ω–∏–∫–∏–¥–∑–µ–≤—Å–∫–æ–≥–æ —Ä–∞–π–æ–Ω–∞ –≥. –£—Ñ—ã –§–∏–ª–∏–∞–ª–∞ –§–ì–£–ü –û—Ö—Ä–∞–Ω–∞ –†–æ—Å–≥–≤–∞—Ä–¥–∏–∏ –ø–æ –†–ë,UFA,–¢–∞–º–∞—Ä–∞ –°.,29 –º–∞—è 2020,"–° —Ç–µ—Ö –ø–æ—Ä, –∫–∞–∫ —è —Å–≤—è–∑–∞–ª—Å—å —Å –≤–∞–º–∏, —è –∑–∞–±—ã–ª–∞ –ø—Ä–æ –ø–æ–∫–æ–π –∏ –±–µ–∑–æ–ø–∞—Å–Ω–æ—Å—Ç—å. –í–æ –≤—Ä–µ–º—è –º–æ–µ–≥–æ –æ—Ç—Å—É—Ç—Å—Ç–≤–∏—è –≤ –∫–≤–∞—Ä—Ç–∏—Ä—É –∑–∞–ª–µ–∑–∞–ª–∏. –û–± —ç—Ç–æ–º —Å–≤–∏–¥–µ—Ç–µ–ª—å—Å—Ç–≤–æ–≤–∞–ª–∏ —Å–º–∞–∑–∞–Ω–Ω—ã–µ, –≤—ã–∫—Ä—É—á–µ–Ω–Ω—ã–µ –∑–∞–º–∫–∏. –ù–∞ –ø—É–ª—å—Ç–µ –º–µ–Ω—è –∑–∞–≤–µ—Ä—è—é—Ç, —á—Ç–æ –≤—Å–µ –≤ –ø–æ—Ä—è–¥–∫–µ. –ú–Ω–µ –Ω–∞–¥–æ–µ–ª —ç—Ç–æ—Ç –ø—Ä–µ—Å—Å–∏–Ω–≥.–ù–∞–π–¥–∏—Ç–µ –¥—Ä—É–≥–∏–µ —Ä–∞–∑–≤–ª–µ—á–µ–Ω–∏—è, —Ç–æ–ª—å–∫–æ –Ω–µ –∑–∞ –º–æ–π —Å—á–µ—Ç."
–û—Ç–¥–µ–ª –û—Ä–¥–∂–æ–Ω–∏–∫–∏–¥–∑–µ–≤—Å–∫–æ–≥–æ —Ä–∞–π–æ–Ω–∞ –≥. –£—Ñ—ã –§–∏–ª–∏–∞–ª–∞ –§–ì–£–ü –û—Ö—Ä–∞–Ω–∞ –†–æ—Å–≥–≤–∞—Ä–¥–∏–∏ –ø–æ –†–ë,UFA,–†—É—Å–ª–∞–Ω –ö—É–ª—å–±–∞–µ–≤,18 –∞–ø—Ä–µ–ª—è 2020,–û—Ç–ª–∏—á–Ω—ã–µ —Ä–µ–±—è—Ç–∞. –û–ø–µ—Ä–∞—Ç–∏–≤–Ω–æ–µ —Ä–µ–∞–≥–∏—Ä–æ–≤–∞–Ω–∏–µ
–ì—Ä–∞–Ω–∏—Ç-–ø–ª—é—Å,UFA,–ê–Ω–Ω–∞ –¢.,16 –º–∞—è 2020,–£–¥–æ–±–Ω–∞—è –ø–∞—Ä–∫–æ–≤–∫–∞.
–ì—Ä–∞–Ω–∏—Ç-–ø–ª—é—Å,UFA,Blissargon Barju,11 –∞–≤–≥—É—Å—Ç–∞ 2019,"–í—Å–µ —Ö–æ—Ä–æ—à–æ, —Å–ø–∞—Å–∏–±–æ –±–æ–ª—å—à–æ–µ"
–§–µ–¥–µ—Ä–∞–ª—å–Ω–æ–µ –∞–≥–µ–Ω—Ç—Å—Ç–≤–æ –º–æ–Ω–∏—Ç–æ—Ä–∏–Ω–≥–∞ –∏ –æ—Ö—Ä–∞–Ω—ã,UFA,–ê–Ω–¥—Ä–µ–π –°.,9 —è–Ω–≤–∞—Ä—è 2020,"–û—Ç–≤—Ä–∞—Ç–∏—Ç–µ–ª—å–Ω–æ–µ –æ—Ö—Ä–∞–Ω–Ω–æ–µ –∞–≥–µ–Ω—Ç—Å—Ç–≤–æ, –ø—å—è–Ω—ã–µ –æ—Ö—Ä–∞–Ω–Ω–∏–∫–∏ –∏ –æ—á–µ–Ω—å –±–æ—Ä–∑—ã–π –¥–∏—Ä–µ–∫—Ç–æ—Ä —ç—Ç–æ–π —Ñ–∏—Ä–º—ã –∏ –µ–≥–æ —Å–æ—Ç—Ä—É–¥–Ω–∏–∫–∏, –∏ –ø–æ—Ä–∫—É—é—Ç —Å–≤–æ–∏ –º–∞—à–∏–Ω—ã –≤–æ–∑–ª–µ –æ—Ñ–∏—Å–∞ –∫–∞–∫ –ø–æ–ø–∞–ª–æ —á—Ç–æ –º–µ—à–∞–µ—Ç –ø—Ä–æ–µ–∑–¥—É –¥—Ä—É–≥–∏–º –∞–≤—Ç–æ –≤–æ –¥–≤–æ—Ä—ã"
–ê–≤–∞–Ω–≥–∞—Ä–¥,UFA,–°—é–º–∫–∞ –£.,27 –º–∞—Ä—Ç–∞,–ë—Ä–∞—Ç —Ä–∞–±–æ—Ç–∞–ª–∞ 2   –º–µ—Å—è—Ü–∞ —á–µ—Ä–µ–∑ —ç—Ç—É –∫–∞–º–ø–∞–Ω–∏—é –∏ –¥–µ–Ω—å–≥–∏ –Ω–µ –ø–æ–ª—É—á–∏–ª –æ–Ω.  –•–∞–º—Å—Ç–≤–æ –Ω–µ –≥—Ä–∞–º–æ—Ç–Ω–æ–π —Ä—É–∫–∞–≤–æ–¥–∏—Ç–µ–ª—å. –ù–µ —Ä–µ–∫–æ–º–µ–Ω–¥—É—é üëéüëé
