City,Company,Address,Site,Phone,Count of reviews,Main URL,Reviews url,JSON ANS
NIN,ЧОП БАГИРА | Вневедомственная охрана в Нижнем Новгороде,"Адрес: ул. Советская, 18-б, оф. 701, Нижний Новгород, Нижегородская обл., 603002 ",Сайт: bagira-nn.ru ,Телефон: 8 (831) 281-02-03 ,5,https://www.google.com/maps/place/%D0%A7%D0%9E%D0%9F+%D0%91%D0%90%D0%93%D0%98%D0%A0%D0%90+%7C+%D0%92%D0%BD%D0%B5%D0%B2%D0%B5%D0%B4%D0%BE%D0%BC%D1%81%D1%82%D0%B2%D0%B5%D0%BD%D0%BD%D0%B0%D1%8F+%D0%BE%D1%85%D1%80%D0%B0%D0%BD%D0%B0+%D0%B2+%D0%9D%D0%B8%D0%B6%D0%BD%D0%B5%D0%BC+%D0%9D%D0%BE%D0%B2%D0%B3%D0%BE%D1%80%D0%BE%D0%B4%D0%B5/data=!4m5!3m4!1s0x4151d5d0658f1c81:0x48c30322ad1491d4!8m2!3d56.3240125!4d43.9528978?authuser=0&hl=ru&rclk=1,"https://www.google.com/maps/place/%D0%A7%D0%9E%D0%9F+%D0%91%D0%90%D0%93%D0%98%D0%A0%D0%90+%7C+%D0%92%D0%BD%D0%B5%D0%B2%D0%B5%D0%B4%D0%BE%D0%BC%D1%81%D1%82%D0%B2%D0%B5%D0%BD%D0%BD%D0%B0%D1%8F+%D0%BE%D1%85%D1%80%D0%B0%D0%BD%D0%B0+%D0%B2+%D0%9D%D0%B8%D0%B6%D0%BD%D0%B5%D0%BC+%D0%9D%D0%BE%D0%B2%D0%B3%D0%BE%D1%80%D0%BE%D0%B4%D0%B5/@56.3240125,43.9507091,17z/data=!4m7!3m6!1s0x4151d5d0658f1c81:0x48c30322ad1491d4!8m2!3d56.3240125!4d43.9528978!9m1!1b1?authuser=0&hl=ru",https://www.google.com/maps/preview/review/listentitiesreviews?authuser=0&hl=ru&gl=ru&authuser=0&pb=!1m2!1y4706778176612670593!2y5243037838656967124!2m2!1i0!2i10!3e1!4m5!3b1!4b1!5b1!6b1!7b1!5m2!1s96F6YcD6B5T7rgSo1KegDg!7e81
NIN,"ООО ""ЧОО ""Группа-А""","Адрес: 603079, Нижний Новгород, Московское шоссе, 213а, П80, Нижний Новгород, Нижегородская обл., 603079 ",Сайт: gruppa-a.com ,Телефон: 8 (800) 555-42-12 ,20,https://www.google.com/maps/place/%D0%9E%D0%9E%D0%9E+%22%D0%A7%D0%9E%D0%9E+%22%D0%93%D1%80%D1%83%D0%BF%D0%BF%D0%B0-%D0%90%22/data=!4m5!3m4!1s0x414e29e25eee3a35:0x5a112f984bdb599!8m2!3d56.3154029!4d43.8712157?authuser=0&hl=ru&rclk=1,"https://www.google.com/maps/place/%D0%9E%D0%9E%D0%9E+%22%D0%A7%D0%9E%D0%9E+%22%D0%93%D1%80%D1%83%D0%BF%D0%BF%D0%B0-%D0%90%22/@56.3154029,43.869027,17z/data=!4m7!3m6!1s0x414e29e25eee3a35:0x5a112f984bdb599!8m2!3d56.3154029!4d43.8712157!9m1!1b1?authuser=0&hl=ru",https://www.google.com/maps/preview/review/listentitiesreviews?authuser=0&hl=ru&gl=ru&authuser=0&pb=!1m2!1y4705744712880765493!2y405626304323237273!2m2!1i0!2i10!3e1!4m5!3b1!4b1!5b1!6b1!7b1!5m2!1sIKJ6YcOJLpD2qwH5kJTIDQ!7e81
NIN,«АДМИРАЛ НН»,"Адрес: ул. Невская, д.19, Нижний Новгород, Нижегородская обл., 603009 ",Сайт: admiralstroynn.ru ,Телефон: 8 (831) 214-58-80 ,8,https://www.google.com/maps/place/%C2%AB%D0%90%D0%94%D0%9C%D0%98%D0%A0%D0%90%D0%9B+%D0%9D%D0%9D%C2%BB/data=!4m5!3m4!1s0x414e2ad76247da11:0x3b32b4aa1d024ff1!8m2!3d56.2594149!4d43.9747532?authuser=0&hl=ru&rclk=1,"https://www.google.com/maps/place/%C2%AB%D0%90%D0%94%D0%9C%D0%98%D0%A0%D0%90%D0%9B+%D0%9D%D0%9D%C2%BB/@56.2594149,43.9725645,17z/data=!4m7!3m6!1s0x414e2ad76247da11:0x3b32b4aa1d024ff1!8m2!3d56.2594006!4d43.9748313!9m1!1b1?authuser=0&hl=ru",https://www.google.com/maps/preview/review/listentitiesreviews?authuser=0&hl=ru&gl=ru&authuser=0&pb=!1m2!1y4705745765203958289!2y4265670439797411825!2m2!1i0!2i10!3e1!4m5!3b1!4b1!5b1!6b1!7b1!5m2!1sSaJ6Ybj2BPCGrwTo9pngBw!7e81
NIN,Профи,"Адрес: пер. Мотальный, 4, Нижний Новгород, Нижегородская обл., 603132 ",Сайт: ohranaprofi.ru ,Телефон: 8 (831) 467-88-00 ,20,https://www.google.com/maps/place/%D0%9F%D1%80%D0%BE%D1%84%D0%B8/data=!4m5!3m4!1s0x4151d591dfa7bf7f:0x9d2b4c938e2a7cf9!8m2!3d56.296154!4d43.9503593?authuser=0&hl=ru&rclk=1,"https://www.google.com/maps/place/%D0%9F%D1%80%D0%BE%D1%84%D0%B8/@56.296154,43.9481706,17z/data=!4m7!3m6!1s0x4151d591dfa7bf7f:0x9d2b4c938e2a7cf9!8m2!3d56.296152!4d43.9504042!9m1!1b1?authuser=0&hl=ru",https://www.google.com/maps/preview/review/listentitiesreviews?authuser=0&hl=ru&gl=ru&authuser=0&pb=!1m2!1y4706777908078165887!2y11325229884582296825!2m2!1i0!2i10!3e1!4m5!3b1!4b1!5b1!6b1!7b1!5m2!1sZqJ6YcSqCYz6rgSj1pfwBw!7e81
NIN,Бумеранг ЧОП,"Адрес: ул. Яблоневая, д. 18, Нижний Новгород, Нижегородская обл., 603093 ",Сайт: bumerang.nnov.ru ,Телефон: 8 (831) 282-89-11 ,13,https://www.google.com/maps/place/%D0%91%D1%83%D0%BC%D0%B5%D1%80%D0%B0%D0%BD%D0%B3+%D0%A7%D0%9E%D0%9F/data=!4m5!3m4!1s0x4151d510095707a5:0x31d4914e70d0fabb!8m2!3d56.3109779!4d44.055892?authuser=0&hl=ru&rclk=1,"https://www.google.com/maps/place/%D0%91%D1%83%D0%BC%D0%B5%D1%80%D0%B0%D0%BD%D0%B3+%D0%A7%D0%9E%D0%9F/@56.3109779,44.0537033,17z/data=!4m7!3m6!1s0x4151d510095707a5:0x31d4914e70d0fabb!8m2!3d56.3110589!4d44.0560868!9m1!1b1?authuser=0&hl=ru",https://www.google.com/maps/preview/review/listentitiesreviews?authuser=0&hl=ru&gl=ru&authuser=0&pb=!1m2!1y4706777350431770533!2y3590654569007348411!2m2!1i0!2i10!3e1!4m5!3b1!4b1!5b1!6b1!7b1!5m2!1sg6J6YeS2LMvJrgSoj4r4Bw!7e81
NIN,"ООО ЧОО ""ФАКЕЛ НН"" , частная охранная организация","Адрес: пр-т. Героев, 1, 8, Нижний Новгород, Нижегородская обл., 603044 ",Сайт: факел-нн.рф ,Телефон: 8 (910) 100-77-76 ,12,"https://www.google.com/maps/place/%D0%9E%D0%9E%D0%9E+%D0%A7%D0%9E%D0%9E+%22%D0%A4%D0%90%D0%9A%D0%95%D0%9B+%D0%9D%D0%9D%22+,+%D1%87%D0%B0%D1%81%D1%82%D0%BD%D0%B0%D1%8F+%D0%BE%D1%85%D1%80%D0%B0%D0%BD%D0%BD%D0%B0%D1%8F+%D0%BE%D1%80%D0%B3%D0%B0%D0%BD%D0%B8%D0%B7%D0%B0%D1%86%D0%B8%D1%8F/data=!4m5!3m4!1s0x4151d6067b202de5:0xe14f82734ae58d86!8m2!3d56.3160905!4d43.8985685?authuser=0&hl=ru&rclk=1","https://www.google.com/maps/place/%D0%9E%D0%9E%D0%9E+%D0%A7%D0%9E%D0%9E+%22%D0%A4%D0%90%D0%9A%D0%95%D0%9B+%D0%9D%D0%9D%22+,+%D1%87%D0%B0%D1%81%D1%82%D0%BD%D0%B0%D1%8F+%D0%BE%D1%85%D1%80%D0%B0%D0%BD%D0%BD%D0%B0%D1%8F+%D0%BE%D1%80%D0%B3%D0%B0%D0%BD%D0%B8%D0%B7%D0%B0%D1%86%D0%B8%D1%8F/@56.3160905,43.8963798,17z/data=!4m7!3m6!1s0x4151d6067b202de5:0xe14f82734ae58d86!8m2!3d56.3160905!4d43.8985685!9m1!1b1?authuser=0&hl=ru",https://www.google.com/maps/preview/review/listentitiesreviews?authuser=0&hl=ru&gl=ru&authuser=0&pb=!1m2!1y4706778408902733285!2y16235338613383335302!2m2!1i0!2i10!3e1!4m5!3b1!4b1!5b1!6b1!7b1!5m2!1soaJ6YerrHbDMrgTV3oeYCw!7e81
NIN,ЧОП Аллигатор Нижний Новгород,"Адрес: Коммунистическая ул., 2, Нижний Новгород, Нижегородская обл., 603002 ",Сайт: alligator-nn.ru ,Телефон: 8 (831) 429-13-52 ,1,https://www.google.com/maps/place/%D0%A7%D0%9E%D0%9F+%D0%90%D0%BB%D0%BB%D0%B8%D0%B3%D0%B0%D1%82%D0%BE%D1%80+%D0%9D%D0%B8%D0%B6%D0%BD%D0%B8%D0%B9+%D0%9D%D0%BE%D0%B2%D0%B3%D0%BE%D1%80%D0%BE%D0%B4/data=!4m5!3m4!1s0x4151d5d011110d9d:0x7e86684d5905c535!8m2!3d56.323276!4d43.9545641?authuser=0&hl=ru&rclk=1,"https://www.google.com/maps/place/%D0%A7%D0%9E%D0%9F+%D0%90%D0%BB%D0%BB%D0%B8%D0%B3%D0%B0%D1%82%D0%BE%D1%80+%D0%9D%D0%B8%D0%B6%D0%BD%D0%B8%D0%B9+%D0%9D%D0%BE%D0%B2%D0%B3%D0%BE%D1%80%D0%BE%D0%B4/@56.323276,43.9523754,17z/data=!4m7!3m6!1s0x4151d5d011110d9d:0x7e86684d5905c535!8m2!3d56.3233164!4d43.95457!9m1!1b1?authuser=0&hl=ru",https://www.google.com/maps/preview/review/listentitiesreviews?authuser=0&hl=ru&gl=ru&authuser=0&pb=!1m2!1y4706778175195123101!2y9117089177073468725!2m2!1i0!2i10!3e1!4m5!3b1!4b1!5b1!6b1!7b1!5m2!1swKJ6YfquKpbfrgSZnpaQDg!7e81
NIN,Гард НН,"Адрес: ул. Бекетова, 58, Нижний Новгород, Нижегородская обл., 603146 ",Сайт: gardnn.ru ,Телефон: 8 (831) 417-45-31 ,6,https://www.google.com/maps/place/%D0%93%D0%B0%D1%80%D0%B4+%D0%9D%D0%9D/data=!4m5!3m4!1s0x4151d510095707a5:0x40190ac48cc9964!8m2!3d56.2937917!4d44.0176579?authuser=0&hl=ru&rclk=1,"https://www.google.com/maps/place/%D0%93%D0%B0%D1%80%D0%B4+%D0%9D%D0%9D/@56.2937917,44.0154692,17z/data=!4m7!3m6!1s0x4151d510095707a5:0x40190ac48cc9964!8m2!3d56.2937917!4d44.0176579!9m1!1b1?authuser=0&hl=ru",https://www.google.com/maps/preview/review/listentitiesreviews?authuser=0&hl=ru&gl=ru&authuser=0&pb=!1m2!1y4706777350431770533!2y288670920758565220!2m2!1i0!2i10!3e1!4m5!3b1!4b1!5b1!6b1!7b1!5m2!1s3KJ6YYfhBO2grgSI5KXoBA!7e81
NIN,Филиал ФГУП «Охрана» МВД России по Нижегородской области,"Адрес: Мануфактурная ул., 16, Нижний Новгород, Нижегородская обл., 603086 ",Сайт: fgup-ohrana.ru ,Телефон: 8 (831) 246-12-21 ,8,https://www.google.com/maps/place/%D0%A4%D0%B8%D0%BB%D0%B8%D0%B0%D0%BB+%D0%A4%D0%93%D0%A3%D0%9F+%C2%AB%D0%9E%D1%85%D1%80%D0%B0%D0%BD%D0%B0%C2%BB+%D0%9C%D0%92%D0%94+%D0%A0%D0%BE%D1%81%D1%81%D0%B8%D0%B8+%D0%BF%D0%BE+%D0%9D%D0%B8%D0%B6%D0%B5%D0%B3%D0%BE%D1%80%D0%BE%D0%B4%D1%81%D0%BA%D0%BE%D0%B9+%D0%BE%D0%B1%D0%BB%D0%B0%D1%81%D1%82%D0%B8/data=!4m5!3m4!1s0x4151d5d491fa580d:0x2bce834617251923!8m2!3d56.332109!4d43.957778?authuser=0&hl=ru&rclk=1,"https://www.google.com/maps/place/%D0%A4%D0%B8%D0%BB%D0%B8%D0%B0%D0%BB+%D0%A4%D0%93%D0%A3%D0%9F+%C2%AB%D0%9E%D1%85%D1%80%D0%B0%D0%BD%D0%B0%C2%BB+%D0%9C%D0%92%D0%94+%D0%A0%D0%BE%D1%81%D1%81%D0%B8%D0%B8+%D0%BF%D0%BE+%D0%9D%D0%B8%D0%B6%D0%B5%D0%B3%D0%BE%D1%80%D0%BE%D0%B4%D1%81%D0%BA%D0%BE%D0%B9+%D0%BE%D0%B1%D0%BB%D0%B0%D1%81%D1%82%D0%B8/@56.332109,43.9555893,17z/data=!4m7!3m6!1s0x4151d5d491fa580d:0x2bce834617251923!8m2!3d56.332109!4d43.957778!9m1!1b1?authuser=0&hl=ru",https://www.google.com/maps/preview/review/listentitiesreviews?authuser=0&hl=ru&gl=ru&authuser=0&pb=!1m2!1y4706778194537764877!2y3156604725892552995!2m2!1i0!2i10!3e1!4m5!3b1!4b1!5b1!6b1!7b1!5m2!1s-KJ6YY6XNbH5qwGNzobACg!7e81
NIN,Дельта - системы безопасности,"Адрес: ул. Канавинская д. 2А, 8 этаж каб. № 5, Нижний Новгород, Нижегородская обл., 603002 ",Сайт: nn.delta.ru ,Телефон: 8 (831) 200-04-50 ,8,https://www.google.com/maps/place/%D0%94%D0%B5%D0%BB%D1%8C%D1%82%D0%B0+-+%D1%81%D0%B8%D1%81%D1%82%D0%B5%D0%BC%D1%8B+%D0%B1%D0%B5%D0%B7%D0%BE%D0%BF%D0%B0%D1%81%D0%BD%D0%BE%D1%81%D1%82%D0%B8/data=!4m5!3m4!1s0x4151d57863968ea9:0x5d8db04122a87a3!8m2!3d56.322387!4d43.9509779?authuser=0&hl=ru&rclk=1,"https://www.google.com/maps/place/%D0%94%D0%B5%D0%BB%D1%8C%D1%82%D0%B0+-+%D1%81%D0%B8%D1%81%D1%82%D0%B5%D0%BC%D1%8B+%D0%B1%D0%B5%D0%B7%D0%BE%D0%BF%D0%B0%D1%81%D0%BD%D0%BE%D1%81%D1%82%D0%B8/@56.322387,43.9487892,17z/data=!3m1!5s0x4151d5da94242c31:0x83d67a6fd2c692cf!4m7!3m6!1s0x4151d57863968ea9:0x5d8db04122a87a3!8m2!3d56.322387!4d43.9509779!9m1!1b1?authuser=0&hl=ru",https://www.google.com/maps/preview/review/listentitiesreviews?authuser=0&hl=ru&gl=ru&authuser=0&pb=!1m2!1y4706777798622482089!2y421327375690270627!2m2!1i0!2i10!3e1!4m5!3b1!4b1!5b1!6b1!7b1!5m2!1sGKN6YenDENDrrgS44JzoAw!7e81
NIN,"Бастион, охранное предприятие","Адрес: ул. Ильинская, 58, Нижний Новгород, Нижегородская обл., 603109 ",Сайт: bastion-op.ru ,Телефон: 8 (831) 434-18-79 ,1,"https://www.google.com/maps/place/%D0%91%D0%B0%D1%81%D1%82%D0%B8%D0%BE%D0%BD,+%D0%BE%D1%85%D1%80%D0%B0%D0%BD%D0%BD%D0%BE%D0%B5+%D0%BF%D1%80%D0%B5%D0%B4%D0%BF%D1%80%D0%B8%D1%8F%D1%82%D0%B8%D0%B5/data=!4m5!3m4!1s0x4151d4363c0e91a5:0xfb792e7ff4a2f090!8m2!3d56.3198368!4d43.9897315?authuser=0&hl=ru&rclk=1","https://www.google.com/maps/place/%D0%91%D0%B0%D1%81%D1%82%D0%B8%D0%BE%D0%BD,+%D0%BE%D1%85%D1%80%D0%B0%D0%BD%D0%BD%D0%BE%D0%B5+%D0%BF%D1%80%D0%B5%D0%B4%D0%BF%D1%80%D0%B8%D1%8F%D1%82%D0%B8%D0%B5/@56.3198368,43.9875428,17z/data=!4m7!3m6!1s0x4151d4363c0e91a5:0xfb792e7ff4a2f090!8m2!3d56.3198582!4d43.9896099!9m1!1b1?authuser=0&hl=ru",https://www.google.com/maps/preview/review/listentitiesreviews?authuser=0&hl=ru&gl=ru&authuser=0&pb=!1m2!1y4706776414979789221!2y18120565702801944720!2m2!1i0!2i10!3e1!4m5!3b1!4b1!5b1!6b1!7b1!5m2!1sPaN6YbGABqWOrwSwrbvwCQ!7e81
NIN,"Каскад, частное охранное предприятие","Адрес: ул. Чаадаева, 5, Нижний Новгород, Нижегородская обл., 603035 ",Сайт: gkaskad.ru ,Телефон: 8 (831) 274-59-91 ,3,"https://www.google.com/maps/place/%D0%9A%D0%B0%D1%81%D0%BA%D0%B0%D0%B4,+%D1%87%D0%B0%D1%81%D1%82%D0%BD%D0%BE%D0%B5+%D0%BE%D1%85%D1%80%D0%B0%D0%BD%D0%BD%D0%BE%D0%B5+%D0%BF%D1%80%D0%B5%D0%B4%D0%BF%D1%80%D0%B8%D1%8F%D1%82%D0%B8%D0%B5/data=!4m5!3m4!1s0x4151d6264428ae81:0x461f94342d78db12!8m2!3d56.32928!4d43.854373?authuser=0&hl=ru&rclk=1","https://www.google.com/maps/place/%D0%9A%D0%B0%D1%81%D0%BA%D0%B0%D0%B4,+%D1%87%D0%B0%D1%81%D1%82%D0%BD%D0%BE%D0%B5+%D0%BE%D1%85%D1%80%D0%B0%D0%BD%D0%BD%D0%BE%D0%B5+%D0%BF%D1%80%D0%B5%D0%B4%D0%BF%D1%80%D0%B8%D1%8F%D1%82%D0%B8%D0%B5/@56.32928,43.8521843,17z/data=!4m7!3m6!1s0x4151d6264428ae81:0x461f94342d78db12!8m2!3d56.32928!4d43.854373!9m1!1b1?authuser=0&hl=ru",https://www.google.com/maps/preview/review/listentitiesreviews?authuser=0&hl=ru&gl=ru&authuser=0&pb=!1m2!1y4706778545419497089!2y5052920258755091218!2m2!1i0!2i10!3e1!4m5!3b1!4b1!5b1!6b1!7b1!5m2!1sWqN6YdLKEemIrwTi357ACA!7e81
NIN,Чоп Гризли,"Адрес: ул. Краснозвездная, 9, Нижний Новгород, Нижегородская обл., 603104 ",Не указан,Не указан,3,https://www.google.com/maps/place/%D0%A7%D0%BE%D0%BF+%D0%93%D1%80%D0%B8%D0%B7%D0%BB%D0%B8/data=!4m5!3m4!1s0x4151d571537167b7:0x638959ff3732c09e!8m2!3d56.2866055!4d43.9859441?authuser=0&hl=ru&rclk=1,"https://www.google.com/maps/place/%D0%A7%D0%BE%D0%BF+%D0%93%D1%80%D0%B8%D0%B7%D0%BB%D0%B8/@56.2866055,43.9837554,17z/data=!4m7!3m6!1s0x4151d571537167b7:0x638959ff3732c09e!8m2!3d56.2866055!4d43.9859441!9m1!1b1?authuser=0&hl=ru",https://www.google.com/maps/preview/review/listentitiesreviews?authuser=0&hl=ru&gl=ru&authuser=0&pb=!1m2!1y4706777768286840759!2y7172362834241831070!2m2!1i0!2i10!3e1!4m5!3b1!4b1!5b1!6b1!7b1!5m2!1sdaN6YeqsOK72qwH-056YDg!7e81
NIN,"Охранное агентство ""ВОЛХОВ""","Адрес: ул. Медицинская, 1, 12, Нижний Новгород, Нижегородская обл., 603081 ",Не указан,Телефон: 8 (831) 278-90-88 ,2,https://www.google.com/maps/place/%D0%9E%D1%85%D1%80%D0%B0%D0%BD%D0%BD%D0%BE%D0%B5+%D0%B0%D0%B3%D0%B5%D0%BD%D1%82%D1%81%D1%82%D0%B2%D0%BE+%22%D0%92%D0%9E%D0%9B%D0%A5%D0%9E%D0%92%22/data=!4m5!3m4!1s0x4151d5707eb16729:0xb75081647af98d1e!8m2!3d56.2816885!4d43.9833646?authuser=0&hl=ru&rclk=1,"https://www.google.com/maps/place/%D0%9E%D1%85%D1%80%D0%B0%D0%BD%D0%BD%D0%BE%D0%B5+%D0%B0%D0%B3%D0%B5%D0%BD%D1%82%D1%81%D1%82%D0%B2%D0%BE+%22%D0%92%D0%9E%D0%9B%D0%A5%D0%9E%D0%92%22/@56.2816885,43.9811759,17z/data=!4m7!3m6!1s0x4151d5707eb16729:0xb75081647af98d1e!8m2!3d56.2816888!4d43.9833647!9m1!1b1?authuser=0&hl=ru",https://www.google.com/maps/preview/review/listentitiesreviews?authuser=0&hl=ru&gl=ru&authuser=0&pb=!1m2!1y4706777764717487913!2y13209199975637552414!2m2!1i0!2i10!3e1!4m5!3b1!4b1!5b1!6b1!7b1!5m2!1skKN6YcuVEq2urgTNioXgBA!7e81
NIN,"ГК ""Гард-НН""","Адрес: ул. Краснозвездная, 7А, Нижний Новгород, Нижегородская обл., 603104 ",Сайт: gardnn.ru ,Телефон: 8 (831) 200-00-20 ,2,https://www.google.com/maps/place/%D0%93%D0%9A+%22%D0%93%D0%B0%D1%80%D0%B4-%D0%9D%D0%9D%22/data=!4m5!3m4!1s0x414e2ac577c057d7:0xb557d53a554a7117!8m2!3d56.286153!4d43.9850931?authuser=0&hl=ru&rclk=1,"https://www.google.com/maps/place/%D0%93%D0%9A+%22%D0%93%D0%B0%D1%80%D0%B4-%D0%9D%D0%9D%22/@56.286153,43.9829044,17z/data=!4m7!3m6!1s0x414e2ac577c057d7:0xb557d53a554a7117!8m2!3d56.2861498!4d43.9852379!9m1!1b1?authuser=0&hl=ru",https://www.google.com/maps/preview/review/listentitiesreviews?authuser=0&hl=ru&gl=ru&authuser=0&pb=!1m2!1y4705745688254765015!2y13067147290354544919!2m2!1i0!2i10!3e1!4m5!3b1!4b1!5b1!6b1!7b1!5m2!1sraN6YdOYL6jprgT49p-IBA!7e81
NIN,"Триада-нн, Чоп","Адрес: ул. Гордеевская, 4, 2 этаж, Нижний Новгород, Нижегородская обл., 603116 ",Не указан,Телефон: 8 (831) 241-10-40 ,1,"https://www.google.com/maps/place/%D0%A2%D1%80%D0%B8%D0%B0%D0%B4%D0%B0-%D0%BD%D0%BD,+%D0%A7%D0%BE%D0%BF/data=!4m5!3m4!1s0x4151d5d9d849986f:0x2482d48db70db4f2!8m2!3d56.3245749!4d43.9432403?authuser=0&hl=ru&rclk=1","https://www.google.com/maps/place/%D0%A2%D1%80%D0%B8%D0%B0%D0%B4%D0%B0-%D0%BD%D0%BD,+%D0%A7%D0%BE%D0%BF/@56.3245749,43.9410516,17z/data=!3m1!5s0x4151d5d99a8b6b67:0xdfbeadb650676727!4m7!3m6!1s0x4151d5d9d849986f:0x2482d48db70db4f2!8m2!3d56.3245749!4d43.9432403!9m1!1b1?authuser=0&hl=ru",https://www.google.com/maps/preview/review/listentitiesreviews?authuser=0&hl=ru&gl=ru&authuser=0&pb=!1m2!1y4706778217192200303!2y2630898837464397042!2m2!1i0!2i10!3e1!4m5!3b1!4b1!5b1!6b1!7b1!5m2!1szKN6YZXjCfLMrgTb6ZbgBg!7e81
NIN,ЧОО Ореол-НН,"Адрес: ул. Бетанкура, 2, Нижний Новгород, Нижегородская обл., 603086 ",Не указан,Телефон: 8 (831) 291-52-35 ,2,https://www.google.com/maps/place/%D0%A7%D0%9E%D0%9E+%D0%9E%D1%80%D0%B5%D0%BE%D0%BB-%D0%9D%D0%9D/data=!4m5!3m4!1s0x4151d5d51cc5d96f:0xbcefe81ee578e3f9!8m2!3d56.333198!4d43.954819?authuser=0&hl=ru&rclk=1,"https://www.google.com/maps/place/%D0%A7%D0%9E%D0%9E+%D0%9E%D1%80%D0%B5%D0%BE%D0%BB-%D0%9D%D0%9D/@56.333198,43.9526303,17z/data=!4m7!3m6!1s0x4151d5d51cc5d96f:0xbcefe81ee578e3f9!8m2!3d56.3332497!4d43.9546963!9m1!1b1?authuser=0&hl=ru",https://www.google.com/maps/preview/review/listentitiesreviews?authuser=0&hl=ru&gl=ru&authuser=0&pb=!1m2!1y4706778196866357615!2y13614355417960866809!2m2!1i0!2i10!3e1!4m5!3b1!4b1!5b1!6b1!7b1!5m2!1s6KN6YfjbNOKHwPAP9KKzkAg!7e81
NIN,"Берегиня, Охранное Предприятие","Адрес: Завкомовская ул., 6/1, Нижний Новгород, Нижегородская обл., 603034 ",Не указан,Телефон: 8 (920) 049-01-60 ,2,"https://www.google.com/maps/place/%D0%91%D0%B5%D1%80%D0%B5%D0%B3%D0%B8%D0%BD%D1%8F,+%D0%9E%D1%85%D1%80%D0%B0%D0%BD%D0%BD%D0%BE%D0%B5+%D0%9F%D1%80%D0%B5%D0%B4%D0%BF%D1%80%D0%B8%D1%8F%D1%82%D0%B8%D0%B5/data=!4m5!3m4!1s0x4151d58e330da871:0x9e1d60f588efb7e6!8m2!3d56.302512!4d43.911601?authuser=0&hl=ru&rclk=1","https://www.google.com/maps/place/%D0%91%D0%B5%D1%80%D0%B5%D0%B3%D0%B8%D0%BD%D1%8F,+%D0%9E%D1%85%D1%80%D0%B0%D0%BD%D0%BD%D0%BE%D0%B5+%D0%9F%D1%80%D0%B5%D0%B4%D0%BF%D1%80%D0%B8%D1%8F%D1%82%D0%B8%D0%B5/@56.302512,43.9094123,17z/data=!4m7!3m6!1s0x4151d58e330da871:0x9e1d60f588efb7e6!8m2!3d56.302512!4d43.911601!9m1!1b1?authuser=0&hl=ru",https://www.google.com/maps/preview/review/listentitiesreviews?authuser=0&hl=ru&gl=ru&authuser=0&pb=!1m2!1y4706777892297484401!2y11393369239997888486!2m2!1i0!2i10!3e1!4m5!3b1!4b1!5b1!6b1!7b1!5m2!1sBaR6YeSwAealrgTpgZ_oDg!7e81
NIN,"ООО Охранная организация ""ГРАНД""","Адрес: ул. Пискунова, 41, Нижний Новгород, Нижегородская обл., 603005 ",Не указан,Телефон: 8 (831) 278-51-56 ,2,https://www.google.com/maps/place/%D0%9E%D0%9E%D0%9E+%D0%9E%D1%85%D1%80%D0%B0%D0%BD%D0%BD%D0%B0%D1%8F+%D0%BE%D1%80%D0%B3%D0%B0%D0%BD%D0%B8%D0%B7%D0%B0%D1%86%D0%B8%D1%8F+%22%D0%93%D0%A0%D0%90%D0%9D%D0%94%22/data=!4m5!3m4!1s0x4151d445a1f6b31b:0xa4abad6259def5ed!8m2!3d56.324938!4d44.0138567?authuser=0&hl=ru&rclk=1,"https://www.google.com/maps/place/%D0%9E%D0%9E%D0%9E+%D0%9E%D1%85%D1%80%D0%B0%D0%BD%D0%BD%D0%B0%D1%8F+%D0%BE%D1%80%D0%B3%D0%B0%D0%BD%D0%B8%D0%B7%D0%B0%D1%86%D0%B8%D1%8F+%22%D0%93%D0%A0%D0%90%D0%9D%D0%94%22/@56.324938,44.011668,17z/data=!4m7!3m6!1s0x4151d445a1f6b31b:0xa4abad6259def5ed!8m2!3d56.3250835!4d44.0139495!9m1!1b1?authuser=0&hl=ru",https://www.google.com/maps/preview/review/listentitiesreviews?authuser=0&hl=ru&gl=ru&authuser=0&pb=!1m2!1y4706776481114010395!2y11865768281163888109!2m2!1i0!2i10!3e1!4m5!3b1!4b1!5b1!6b1!7b1!5m2!1sIaR6Ye_JLKPprgSipqdo!7e81
NIN,ООО ЧОП Антарес,"Адрес: п. 7, ул. Берёзовская, 101, Нижний Новгород, Нижегородская обл., 603157 ",Сайт: ohrana-nn.com ,Телефон: 8 (831) 424-88-33 ,1,https://www.google.com/maps/place/%D0%9E%D0%9E%D0%9E+%D0%A7%D0%9E%D0%9F+%D0%90%D0%BD%D1%82%D0%B0%D1%80%D0%B5%D1%81/data=!4m5!3m4!1s0x4151d7e188a5017f:0xef5983fe4589a4a0!8m2!3d56.331084!4d43.8732951?authuser=0&hl=ru&rclk=1,"https://www.google.com/maps/place/%D0%9E%D0%9E%D0%9E+%D0%A7%D0%9E%D0%9F+%D0%90%D0%BD%D1%82%D0%B0%D1%80%D0%B5%D1%81/@56.331084,43.8711064,17z/data=!4m7!3m6!1s0x4151d7e188a5017f:0xef5983fe4589a4a0!8m2!3d56.331084!4d43.8732951!9m1!1b1?authuser=0&hl=ru",https://www.google.com/maps/preview/review/listentitiesreviews?authuser=0&hl=ru&gl=ru&authuser=0&pb=!1m2!1y4706780449239007615!2y17246961376103605408!2m2!1i0!2i10!3e1!4m5!3b1!4b1!5b1!6b1!7b1!5m2!1sP6R6YcmvC6morgSl0Y-4Bg!7e81
NIN,"Титан, специализированная охранная фирма","Адрес: 16, помещение П5, ул. Коминтерна, г. Н. Новгород, Нижегородская обл., Россия 603014, Нижний Новгород, Нижегородская обл., 603157 ",Сайт: bastion-op.ru ,Телефон: 8 (831) 274-01-73 ,2,"https://www.google.com/maps/place/%D0%A2%D0%B8%D1%82%D0%B0%D0%BD,+%D1%81%D0%BF%D0%B5%D1%86%D0%B8%D0%B0%D0%BB%D0%B8%D0%B7%D0%B8%D1%80%D0%BE%D0%B2%D0%B0%D0%BD%D0%BD%D0%B0%D1%8F+%D0%BE%D1%85%D1%80%D0%B0%D0%BD%D0%BD%D0%B0%D1%8F+%D1%84%D0%B8%D1%80%D0%BC%D0%B0/data=!4m5!3m4!1s0x4151d64a3a0cc70d:0xdb3dd036af687ed8!8m2!3d56.340048!4d43.8791831?authuser=0&hl=ru&rclk=1","https://www.google.com/maps/place/%D0%A2%D0%B8%D1%82%D0%B0%D0%BD,+%D1%81%D0%BF%D0%B5%D1%86%D0%B8%D0%B0%D0%BB%D0%B8%D0%B7%D0%B8%D1%80%D0%BE%D0%B2%D0%B0%D0%BD%D0%BD%D0%B0%D1%8F+%D0%BE%D1%85%D1%80%D0%B0%D0%BD%D0%BD%D0%B0%D1%8F+%D1%84%D0%B8%D1%80%D0%BC%D0%B0/@56.340048,43.8769944,17z/data=!4m7!3m6!1s0x4151d64a3a0cc70d:0xdb3dd036af687ed8!8m2!3d56.3400089!4d43.8790972!9m1!1b1?authuser=0&hl=ru",https://www.google.com/maps/preview/review/listentitiesreviews?authuser=0&hl=ru&gl=ru&authuser=0&pb=!1m2!1y4706778699868718861!2y15798012001175240408!2m2!1i0!2i10!3e1!4m5!3b1!4b1!5b1!6b1!7b1!5m2!1sXKR6YeCXHK2HwPAPlMygwAg!7e81
NIN,"ПРОФИ, охранное предприятие","Адрес: ул. Памирская, 11, Нижний Новгород, Нижегородская обл., 603029 ",Не указан,Не указан,0,"https://www.google.com/maps/place/%D0%9F%D0%A0%D0%9E%D0%A4%D0%98,+%D0%BE%D1%85%D1%80%D0%B0%D0%BD%D0%BD%D0%BE%D0%B5+%D0%BF%D1%80%D0%B5%D0%B4%D0%BF%D1%80%D0%B8%D1%8F%D1%82%D0%B8%D0%B5/data=!4m5!3m4!1s0x414e2a87fd11ab99:0x9cbf092a7b08797!8m2!3d56.272101!4d43.941519?authuser=0&hl=ru&rclk=1",False,False
NIN,Частная Охранная Организация Татьяна И К,"Адрес: Кожевенный пер., 4/8, Нижний Новгород, Нижегородская обл., 603001 ",Не указан,Телефон: 8 (831) 433-68-86 ,3,https://www.google.com/maps/place/%D0%A7%D0%B0%D1%81%D1%82%D0%BD%D0%B0%D1%8F+%D0%9E%D1%85%D1%80%D0%B0%D0%BD%D0%BD%D0%B0%D1%8F+%D0%9E%D1%80%D0%B3%D0%B0%D0%BD%D0%B8%D0%B7%D0%B0%D1%86%D0%B8%D1%8F+%D0%A2%D0%B0%D1%82%D1%8C%D1%8F%D0%BD%D0%B0+%D0%98+%D0%9A/data=!4m5!3m4!1s0x4151d43788dbb6c9:0x8e6d0cf7b30efb80!8m2!3d56.330698!4d43.9974049?authuser=0&hl=ru&rclk=1,"https://www.google.com/maps/place/%D0%A7%D0%B0%D1%81%D1%82%D0%BD%D0%B0%D1%8F+%D0%9E%D1%85%D1%80%D0%B0%D0%BD%D0%BD%D0%B0%D1%8F+%D0%9E%D1%80%D0%B3%D0%B0%D0%BD%D0%B8%D0%B7%D0%B0%D1%86%D0%B8%D1%8F+%D0%A2%D0%B0%D1%82%D1%8C%D1%8F%D0%BD%D0%B0+%D0%98+%D0%9A/@56.330698,43.9952162,17z/data=!4m7!3m6!1s0x4151d43788dbb6c9:0x8e6d0cf7b30efb80!8m2!3d56.330698!4d43.9974049!9m1!1b1?authuser=0&hl=ru",https://www.google.com/maps/preview/review/listentitiesreviews?authuser=0&hl=ru&gl=ru&authuser=0&pb=!1m2!1y4706776420563269321!2y10262873383847787392!2m2!1i0!2i10!3e1!4m5!3b1!4b1!5b1!6b1!7b1!5m2!1sg6R6YeG5I6qurgTTvIDAAQ!7e81
NIN,"МАРС, Надёжная охрана","Адрес: пр. Ленина, 61В, Нижний Новгород, Нижегородская обл., 603090 ",Сайт: marsnn.com ,Телефон: 8 (831) 252-00-55 ,11,"https://www.google.com/maps/place/%D0%9C%D0%90%D0%A0%D0%A1,+%D0%9D%D0%B0%D0%B4%D1%91%D0%B6%D0%BD%D0%B0%D1%8F+%D0%BE%D1%85%D1%80%D0%B0%D0%BD%D0%B0/data=!4m5!3m4!1s0x414e2a65df46b297:0xf072205544200aa6!8m2!3d56.2747353!4d43.9185304?authuser=0&hl=ru&rclk=1","https://www.google.com/maps/place/%D0%9C%D0%90%D0%A0%D0%A1,+%D0%9D%D0%B0%D0%B4%D1%91%D0%B6%D0%BD%D0%B0%D1%8F+%D0%BE%D1%85%D1%80%D0%B0%D0%BD%D0%B0/@56.2747353,43.9163417,17z/data=!4m7!3m6!1s0x414e2a65df46b297:0xf072205544200aa6!8m2!3d56.2747353!4d43.9185304!9m1!1b1?authuser=0&hl=ru",https://www.google.com/maps/preview/review/listentitiesreviews?authuser=0&hl=ru&gl=ru&authuser=0&pb=!1m2!1y4705745277674762903!2y17325946267034978982!2m2!1i0!2i10!3e1!4m5!3b1!4b1!5b1!6b1!7b1!5m2!1soKR6YcC0KtKxrgTulKeQCw!7e81
NIN,"Алекс, Охранное Агентство","Адрес: ул. Гордеевская, 2Б, Нижний Новгород, Нижегородская обл., 603116 ",Не указан,Не указан,0,"https://www.google.com/maps/place/%D0%90%D0%BB%D0%B5%D0%BA%D1%81,+%D0%9E%D1%85%D1%80%D0%B0%D0%BD%D0%BD%D0%BE%D0%B5+%D0%90%D0%B3%D0%B5%D0%BD%D1%82%D1%81%D1%82%D0%B2%D0%BE/data=!4m5!3m4!1s0x4151d5d98c7d3f8b:0xa515d9e738e9f3f9!8m2!3d56.324772!4d43.944135?authuser=0&hl=ru&rclk=1",False,False
NIN,"Тигр-НН, частное охранное предприятие","Адрес: ул. Дегтярева, 29, Нижний Новгород, Нижегородская обл., 603041 ",Сайт: tigr-nn.ru ,Телефон: 8 (831) 412-92-87 ,0,"https://www.google.com/maps/place/%D0%A2%D0%B8%D0%B3%D1%80-%D0%9D%D0%9D,+%D1%87%D0%B0%D1%81%D1%82%D0%BD%D0%BE%D0%B5+%D0%BE%D1%85%D1%80%D0%B0%D0%BD%D0%BD%D0%BE%D0%B5+%D0%BF%D1%80%D0%B5%D0%B4%D0%BF%D1%80%D0%B8%D1%8F%D1%82%D0%B8%D0%B5/data=!4m5!3m4!1s0x414e2bc028e33147:0x58eaa469bd7a614f!8m2!3d56.2461149!4d43.8311882?authuser=0&hl=ru&rclk=1",False,False
NIN,Нижегородское охранное предприятие-1,"Адрес: ул. Казанское ш., 18, Нижний Новгород, Нижегородская обл., 603087 ",Не указан,Телефон: 8 (831) 296-28-62 ,0,https://www.google.com/maps/place/%D0%9D%D0%B8%D0%B6%D0%B5%D0%B3%D0%BE%D1%80%D0%BE%D0%B4%D1%81%D0%BA%D0%BE%D0%B5+%D0%BE%D1%85%D1%80%D0%B0%D0%BD%D0%BD%D0%BE%D0%B5+%D0%BF%D1%80%D0%B5%D0%B4%D0%BF%D1%80%D0%B8%D1%8F%D1%82%D0%B8%D0%B5-1/data=!4m5!3m4!1s0x4151d4d533874833:0xdaa59de0343f81c8!8m2!3d56.2826972!4d44.080252?authuser=0&hl=ru&rclk=1,False,False
NIN,"ООО ""Чоп ""Стрела""","Адрес: ул. Ванеева, 199, Нижний Новгород, Нижегородская обл., 603000 ",Сайт: chopstrela.com ,Телефон: 8 (831) 218-20-30 ,1,https://www.google.com/maps/place/%D0%9E%D0%9E%D0%9E+%22%D0%A7%D0%BE%D0%BF+%22%D0%A1%D1%82%D1%80%D0%B5%D0%BB%D0%B0%22/data=!4m5!3m4!1s0x4151d51931a9c9f3:0x7d8f1fe5ca7386ee!8m2!3d56.293318!4d44.0341912?authuser=0&hl=ru&rclk=1,"https://www.google.com/maps/place/%D0%9E%D0%9E%D0%9E+%22%D0%A7%D0%BE%D0%BF+%22%D0%A1%D1%82%D1%80%D0%B5%D0%BB%D0%B0%22/@56.293318,44.0320025,17z/data=!4m7!3m6!1s0x4151d51931a9c9f3:0x7d8f1fe5ca7386ee!8m2!3d56.293318!4d44.0341912!9m1!1b1?authuser=0&hl=ru",https://www.google.com/maps/preview/review/listentitiesreviews?authuser=0&hl=ru&gl=ru&authuser=0&pb=!1m2!1y4706777389762988531!2y9047485248215156462!2m2!1i0!2i10!3e1!4m5!3b1!4b1!5b1!6b1!7b1!5m2!1s5KR6YeuaBcmsrgSElrD4AQ!7e81
NIN,"Б2, Чоп","Адрес: ул. Ковровская, 11а, Нижний Новгород, Нижегородская обл., 603093 ",Сайт: b2ohrana.ru ,Телефон: 8 (831) 436-21-36 ,1,"https://www.google.com/maps/place/%D0%912,+%D0%A7%D0%BE%D0%BF/data=!4m5!3m4!1s0x4151d4f69c4d4c0d:0x75874563c8159c76!8m2!3d56.3190687!4d44.0418733?authuser=0&hl=ru&rclk=1","https://www.google.com/maps/place/%D0%912,+%D0%A7%D0%BE%D0%BF/@56.3190687,44.0396846,17z/data=!4m7!3m6!1s0x4151d4f69c4d4c0d:0x75874563c8159c76!8m2!3d56.3190781!4d44.0419441!9m1!1b1?authuser=0&hl=ru",https://www.google.com/maps/preview/review/listentitiesreviews?authuser=0&hl=ru&gl=ru&authuser=0&pb=!1m2!1y4706777241228233741!2y8468813919154445430!2m2!1i0!2i10!3e1!4m5!3b1!4b1!5b1!6b1!7b1!5m2!1sAqV6YZjiAejFrgTQl4jgDg!7e81
NIN,"ТАЛИОН, охранное предприятие","Адрес: ул. Ильинская, 80, Нижний Новгород, Нижегородская обл., 603000 ",Сайт: talion-shv.ru ,Телефон: 8 (831) 433-53-41 ,0,"https://www.google.com/maps/place/%D0%A2%D0%90%D0%9B%D0%98%D0%9E%D0%9D,+%D0%BE%D1%85%D1%80%D0%B0%D0%BD%D0%BD%D0%BE%D0%B5+%D0%BF%D1%80%D0%B5%D0%B4%D0%BF%D1%80%D0%B8%D1%8F%D1%82%D0%B8%D0%B5/data=!4m5!3m4!1s0x4151d5b48dd15dd5:0x22001705779e49fb!8m2!3d56.3181656!4d43.9885711?authuser=0&hl=ru&rclk=1",False,False
NIN,"Охрана, ФГУП Федеральная служба ВНГ РФ по Нижегородской области","Адрес: Канавинский р-н, Нижний Новгород, Нижегородская обл., 603002 ",Сайт: fgup-ohrana.ru ,Телефон: 8 (831) 246-14-78 ,4,"https://www.google.com/maps/place/%D0%9E%D1%85%D1%80%D0%B0%D0%BD%D0%B0,+%D0%A4%D0%93%D0%A3%D0%9F+%D0%A4%D0%B5%D0%B4%D0%B5%D1%80%D0%B0%D0%BB%D1%8C%D0%BD%D0%B0%D1%8F+%D1%81%D0%BB%D1%83%D0%B6%D0%B1%D0%B0+%D0%92%D0%9D%D0%93+%D0%A0%D0%A4+%D0%BF%D0%BE+%D0%9D%D0%B8%D0%B6%D0%B5%D0%B3%D0%BE%D1%80%D0%BE%D0%B4%D1%81%D0%BA%D0%BE%D0%B9+%D0%BE%D0%B1%D0%BB%D0%B0%D1%81%D1%82%D0%B8/data=!4m5!3m4!1s0x4151d5dd99f6c3a5:0xf1f23dff22f465b9!8m2!3d56.3085879!4d43.9551318?authuser=0&hl=ru&rclk=1","https://www.google.com/maps/place/%D0%9E%D1%85%D1%80%D0%B0%D0%BD%D0%B0,+%D0%A4%D0%93%D0%A3%D0%9F+%D0%A4%D0%B5%D0%B4%D0%B5%D1%80%D0%B0%D0%BB%D1%8C%D0%BD%D0%B0%D1%8F+%D1%81%D0%BB%D1%83%D0%B6%D0%B1%D0%B0+%D0%92%D0%9D%D0%93+%D0%A0%D0%A4+%D0%BF%D0%BE+%D0%9D%D0%B8%D0%B6%D0%B5%D0%B3%D0%BE%D1%80%D0%BE%D0%B4%D1%81%D0%BA%D0%BE%D0%B9+%D0%BE%D0%B1%D0%BB%D0%B0%D1%81%D1%82%D0%B8/@56.3085879,43.9529431,17z/data=!4m7!3m6!1s0x4151d5dd99f6c3a5:0xf1f23dff22f465b9!8m2!3d56.3085879!4d43.9551318!9m1!1b1?authuser=0&hl=ru",https://www.google.com/maps/preview/review/listentitiesreviews?authuser=0&hl=ru&gl=ru&authuser=0&pb=!1m2!1y4706778233326453669!2y17434065273517008313!2m2!1i0!2i10!3e1!4m5!3b1!4b1!5b1!6b1!7b1!5m2!1sKqV6YZmeIeT2qwG-mKLAAw!7e81
NIN,"Барс, Нижегородское охранное предприятие","Адрес: ул. Долгополова, 79а, Нижний Новгород, Нижегородская обл., 603002 ",Не указан,Не указан,0,"https://www.google.com/maps/place/%D0%91%D0%B0%D1%80%D1%81,+%D0%9D%D0%B8%D0%B6%D0%B5%D0%B3%D0%BE%D1%80%D0%BE%D0%B4%D1%81%D0%BA%D0%BE%D0%B5+%D0%BE%D1%85%D1%80%D0%B0%D0%BD%D0%BD%D0%BE%D0%B5+%D0%BF%D1%80%D0%B5%D0%B4%D0%BF%D1%80%D0%B8%D1%8F%D1%82%D0%B8%D0%B5/data=!4m5!3m4!1s0x4151d5c288369a25:0xa8ebea0fd1f6ea8e!8m2!3d56.3138614!4d43.9443836?authuser=0&hl=ru&rclk=1",False,False
NIN,"Гармония-НН, частная охранная фирма","Адрес: ул. Коминтерна, 41 в, Нижний Новгород, Нижегородская обл., 603014 ",Не указан,Телефон: 8 (831) 270-39-79 ,1,"https://www.google.com/maps/place/%D0%93%D0%B0%D1%80%D0%BC%D0%BE%D0%BD%D0%B8%D1%8F-%D0%9D%D0%9D,+%D1%87%D0%B0%D1%81%D1%82%D0%BD%D0%B0%D1%8F+%D0%BE%D1%85%D1%80%D0%B0%D0%BD%D0%BD%D0%B0%D1%8F+%D1%84%D0%B8%D1%80%D0%BC%D0%B0/data=!4m5!3m4!1s0x4151d6466333f3dd:0xec42cd2d5cc68c68!8m2!3d56.344098!4d43.887296?authuser=0&hl=ru&rclk=1","https://www.google.com/maps/place/%D0%93%D0%B0%D1%80%D0%BC%D0%BE%D0%BD%D0%B8%D1%8F-%D0%9D%D0%9D,+%D1%87%D0%B0%D1%81%D1%82%D0%BD%D0%B0%D1%8F+%D0%BE%D1%85%D1%80%D0%B0%D0%BD%D0%BD%D0%B0%D1%8F+%D1%84%D0%B8%D1%80%D0%BC%D0%B0/@56.344098,43.8851073,17z/data=!4m7!3m6!1s0x4151d6466333f3dd:0xec42cd2d5cc68c68!8m2!3d56.344098!4d43.887296!9m1!1b1?authuser=0&hl=ru",https://www.google.com/maps/preview/review/listentitiesreviews?authuser=0&hl=ru&gl=ru&authuser=0&pb=!1m2!1y4706778683379282909!2y17024395136127634536!2m2!1i0!2i10!3e1!4m5!3b1!4b1!5b1!6b1!7b1!5m2!1sbqV6YfaZBMuGrwSWoZPwCA!7e81
NIN,Частная охранная организация «СКАЛА-НН»,"Адрес: ул. Маршала Казакова, 3, оф. 100, Нижний Новгород, Нижегородская обл., 603116 ",Сайт: skala-ohrana.ru ,Телефон: 8 (831) 291-25-82 ,1,https://www.google.com/maps/place/%D0%A7%D0%B0%D1%81%D1%82%D0%BD%D0%B0%D1%8F+%D0%BE%D1%85%D1%80%D0%B0%D0%BD%D0%BD%D0%B0%D1%8F+%D0%BE%D1%80%D0%B3%D0%B0%D0%BD%D0%B8%D0%B7%D0%B0%D1%86%D0%B8%D1%8F+%C2%AB%D0%A1%D0%9A%D0%90%D0%9B%D0%90-%D0%9D%D0%9D%C2%BB/data=!4m5!3m4!1s0x4151d5aea001b8c7:0xaa51d21fa6da286b!8m2!3d56.321771!4d43.929793?authuser=0&hl=ru&rclk=1,"https://www.google.com/maps/place/%D0%A7%D0%B0%D1%81%D1%82%D0%BD%D0%B0%D1%8F+%D0%BE%D1%85%D1%80%D0%B0%D0%BD%D0%BD%D0%B0%D1%8F+%D0%BE%D1%80%D0%B3%D0%B0%D0%BD%D0%B8%D0%B7%D0%B0%D1%86%D0%B8%D1%8F+%C2%AB%D0%A1%D0%9A%D0%90%D0%9B%D0%90-%D0%9D%D0%9D%C2%BB/@56.321771,43.9276043,17z/data=!4m7!3m6!1s0x4151d5aea001b8c7:0xaa51d21fa6da286b!8m2!3d56.321771!4d43.929793!9m1!1b1?authuser=0&hl=ru",https://www.google.com/maps/preview/review/listentitiesreviews?authuser=0&hl=ru&gl=ru&authuser=0&pb=!1m2!1y4706778031564372167!2y12272821492946446443!2m2!1i0!2i10!3e1!4m5!3b1!4b1!5b1!6b1!7b1!5m2!1siqV6YZyGKoqdrwTFoZ6ICw!7e81
NIN,"Барс-Информ, охранное предприятие","Адрес: Мануфактурная ул., 14, Нижний Новгород, Нижегородская обл., 603086 ",Не указан,Телефон: 8 (952) 777-29-80 ,0,"https://www.google.com/maps/place/%D0%91%D0%B0%D1%80%D1%81-%D0%98%D0%BD%D1%84%D0%BE%D1%80%D0%BC,+%D0%BE%D1%85%D1%80%D0%B0%D0%BD%D0%BD%D0%BE%D0%B5+%D0%BF%D1%80%D0%B5%D0%B4%D0%BF%D1%80%D0%B8%D1%8F%D1%82%D0%B8%D0%B5/data=!4m5!3m4!1s0x4151d5d362d6d1d9:0xee9aeba81ee1c42b!8m2!3d56.3313725!4d43.9594791?authuser=0&hl=ru&rclk=1",False,False
NIN,"ООО ЧОП ""Шторм""","Адрес: ул. Нартова, 6 к2, Нижний Новгород, Нижегородская обл., 603081 ",Не указан,Телефон: 8 (987) 112-95-04 ,0,https://www.google.com/maps/place/%D0%9E%D0%9E%D0%9E+%D0%A7%D0%9E%D0%9F+%22%D0%A8%D1%82%D0%BE%D1%80%D0%BC%22/data=!4m5!3m4!1s0x4151d56de532a3d1:0x2f7cc3ed10e8b56d!8m2!3d56.283433!4d43.9958219?authuser=0&hl=ru&rclk=1,False,False
NIN,Беркут-Спецкомплект,"Адрес: пер. Могилевича, 7, Нижний Новгород, Нижегородская обл., 603006 ",Сайт: as-berkut.ru ,Телефон: 8 (831) 243-03-01 ,2,https://www.google.com/maps/place/%D0%91%D0%B5%D1%80%D0%BA%D1%83%D1%82-%D0%A1%D0%BF%D0%B5%D1%86%D0%BA%D0%BE%D0%BC%D0%BF%D0%BB%D0%B5%D0%BA%D1%82/data=!4m5!3m4!1s0x4151d45196f4b16d:0xa29f88a212487993!8m2!3d56.3187603!4d44.0126757?authuser=0&hl=ru&rclk=1,"https://www.google.com/maps/place/%D0%91%D0%B5%D1%80%D0%BA%D1%83%D1%82-%D0%A1%D0%BF%D0%B5%D1%86%D0%BA%D0%BE%D0%BC%D0%BF%D0%BB%D0%B5%D0%BA%D1%82/@56.3187603,44.010487,17z/data=!4m7!3m6!1s0x4151d45196f4b16d:0xa29f88a212487993!8m2!3d56.318803!4d44.0126468!9m1!1b1?authuser=0&hl=ru",https://www.google.com/maps/preview/review/listentitiesreviews?authuser=0&hl=ru&gl=ru&authuser=0&pb=!1m2!1y4706776532468937069!2y11718234985114139027!2m2!1i0!2i10!3e1!4m5!3b1!4b1!5b1!6b1!7b1!5m2!1suqV6Ye6UPMWtrgSAjbOgCA!7e81
NIN,"Спец, охранная фирма","Адрес: ул. Богородского, 12, Нижний Новгород, Нижегородская обл., 603122 ",Не указан,Телефон: 8 (831) 468-63-65 ,0,"https://www.google.com/maps/place/%D0%A1%D0%BF%D0%B5%D1%86,+%D0%BE%D1%85%D1%80%D0%B0%D0%BD%D0%BD%D0%B0%D1%8F+%D1%84%D0%B8%D1%80%D0%BC%D0%B0/data=!4m5!3m4!1s0x4151d52075ad8dff:0x8b1453c44da06179!8m2!3d56.2940549!4d44.049679?authuser=0&hl=ru&rclk=1",False,False
NIN,"Альфа-Щит Нижний Новгород, ЧОП","Адрес: ул. Пискунова, 45, Нижний Новгород, Нижегородская обл., 603005 ",Не указан,Телефон: 8 (831) 430-68-43 ,0,"https://www.google.com/maps/place/%D0%90%D0%BB%D1%8C%D1%84%D0%B0-%D0%A9%D0%B8%D1%82+%D0%9D%D0%B8%D0%B6%D0%BD%D0%B8%D0%B9+%D0%9D%D0%BE%D0%B2%D0%B3%D0%BE%D1%80%D0%BE%D0%B4,+%D0%A7%D0%9E%D0%9F/data=!4m5!3m4!1s0x4151d445a094d277:0xe0a562eb9a79e037!8m2!3d56.3257114!4d44.0135959?authuser=0&hl=ru&rclk=1",False,False
NIN,"Эпсилон, охранное предприятие","Адрес: ул. Малая Покровская, 14, Нижний Новгород, Нижегородская обл., 603000 ",Не указан,Телефон: 8 (831) 430-88-77 ,0,"https://www.google.com/maps/place/%D0%AD%D0%BF%D1%81%D0%B8%D0%BB%D0%BE%D0%BD,+%D0%BE%D1%85%D1%80%D0%B0%D0%BD%D0%BD%D0%BE%D0%B5+%D0%BF%D1%80%D0%B5%D0%B4%D0%BF%D1%80%D0%B8%D1%8F%D1%82%D0%B8%D0%B5/data=!4m5!3m4!1s0x4151d5b3858e26d3:0x42decb9b58819a34!8m2!3d56.31643!4d43.9890814?authuser=0&hl=ru&rclk=1",False,False
NIN,"Волга, охранное предприятие","Адрес: ул. Щербакова, 19, Нижний Новгород, Нижегородская обл., 603003 ",Не указан,Телефон: 8 (831) 222-72-97 ,0,"https://www.google.com/maps/place/%D0%92%D0%BE%D0%BB%D0%B3%D0%B0,+%D0%BE%D1%85%D1%80%D0%B0%D0%BD%D0%BD%D0%BE%D0%B5+%D0%BF%D1%80%D0%B5%D0%B4%D0%BF%D1%80%D0%B8%D1%8F%D1%82%D0%B8%D0%B5/data=!4m5!3m4!1s0x4151d64b8f04b8b9:0xdf923d432aa2f9c!8m2!3d56.350505!4d43.873651?authuser=0&hl=ru&rclk=1",False,False
NIN,Охранное Предприятие Фирма Омега НН,"Адрес: Интернациональная ул., 96, Нижний Новгород, Нижегородская обл., 603002 ",Не указан,Телефон: 8 (831) 244-33-76 ,0,https://www.google.com/maps/place/%D0%9E%D1%85%D1%80%D0%B0%D0%BD%D0%BD%D0%BE%D0%B5+%D0%9F%D1%80%D0%B5%D0%B4%D0%BF%D1%80%D0%B8%D1%8F%D1%82%D0%B8%D0%B5+%D0%A4%D0%B8%D1%80%D0%BC%D0%B0+%D0%9E%D0%BC%D0%B5%D0%B3%D0%B0+%D0%9D%D0%9D/data=!4m5!3m4!1s0x4151d5c3d12b5c31:0x9d681086700f27c9!8m2!3d56.3135195!4d43.9511174?authuser=0&hl=ru&rclk=1,False,False
NIN,"ООО ЧАСТНАЯ ОХРАННАЯ ОРГАНИЗАЦИЯ ""ОТДЕЛЬНАЯ СОТНЯ""","Адрес: Федоровского наб., 3, Нижний Новгород, Нижегородская обл., 603109 ",Не указан,Телефон: 8 (831) 434-18-38 ,1,https://www.google.com/maps/place/%D0%9E%D0%9E%D0%9E+%D0%A7%D0%90%D0%A1%D0%A2%D0%9D%D0%90%D0%AF+%D0%9E%D0%A5%D0%A0%D0%90%D0%9D%D0%9D%D0%90%D0%AF+%D0%9E%D0%A0%D0%93%D0%90%D0%9D%D0%98%D0%97%D0%90%D0%A6%D0%98%D0%AF+%22%D0%9E%D0%A2%D0%94%D0%95%D0%9B%D0%AC%D0%9D%D0%90%D0%AF+%D0%A1%D0%9E%D0%A2%D0%9D%D0%AF%22/data=!4m5!3m4!1s0x4151d5e9118548cd:0x79167e6602dff4c9!8m2!3d56.326809!4d43.99013?authuser=0&hl=ru&rclk=1,"https://www.google.com/maps/place/%D0%9E%D0%9E%D0%9E+%D0%A7%D0%90%D0%A1%D0%A2%D0%9D%D0%90%D0%AF+%D0%9E%D0%A5%D0%A0%D0%90%D0%9D%D0%9D%D0%90%D0%AF+%D0%9E%D0%A0%D0%93%D0%90%D0%9D%D0%98%D0%97%D0%90%D0%A6%D0%98%D0%AF+%22%D0%9E%D0%A2%D0%94%D0%95%D0%9B%D0%AC%D0%9D%D0%90%D0%AF+%D0%A1%D0%9E%D0%A2%D0%9D%D0%AF%22/@56.326809,43.9879413,17z/data=!4m7!3m6!1s0x4151d5e9118548cd:0x79167e6602dff4c9!8m2!3d56.3268409!4d43.9900678!9m1!1b1?authuser=0&hl=ru",https://www.google.com/maps/preview/review/listentitiesreviews?authuser=0&hl=ru&gl=ru&authuser=0&pb=!1m2!1y4706778282576922829!2y8725300304676910281!2m2!1i0!2i10!3e1!4m5!3b1!4b1!5b1!6b1!7b1!5m2!1sCqZ6YcfkPM6SrgSP8qn4Dw!7e81
NIN,Охранное предприятие Группа компаний Победа,"Адрес: БЦ ""Победа"", 3 этаж, офис 314, ул. 50 лет Победы, 18, Нижний Новгород, Нижегородская обл., 603014 ",Не указан,Не указан,0,https://www.google.com/maps/place/%D0%9E%D1%85%D1%80%D0%B0%D0%BD%D0%BD%D0%BE%D0%B5+%D0%BF%D1%80%D0%B5%D0%B4%D0%BF%D1%80%D0%B8%D1%8F%D1%82%D0%B8%D0%B5+%D0%93%D1%80%D1%83%D0%BF%D0%BF%D0%B0+%D0%BA%D0%BE%D0%BC%D0%BF%D0%B0%D0%BD%D0%B8%D0%B9+%D0%9F%D0%BE%D0%B1%D0%B5%D0%B4%D0%B0/data=!4m5!3m4!1s0x4151d63df63b496f:0x6ab5e0bb28f9b24d!8m2!3d56.3313765!4d43.8837963?authuser=0&hl=ru&rclk=1,False,False
NIN,"Гвард, охранное предприятие","Адрес: ул. Дружаева, 30, Нижний Новгород, Нижегородская обл., 603095 ",Не указан,Телефон: 8 (831) 299-38-99 ,0,"https://www.google.com/maps/place/%D0%93%D0%B2%D0%B0%D1%80%D0%B4,+%D0%BE%D1%85%D1%80%D0%B0%D0%BD%D0%BD%D0%BE%D0%B5+%D0%BF%D1%80%D0%B5%D0%B4%D0%BF%D1%80%D0%B8%D1%8F%D1%82%D0%B8%D0%B5/data=!4m5!3m4!1s0x414e2a497b7f1427:0x4187daff1fe2e5d3!8m2!3d56.266074!4d43.876988?authuser=0&hl=ru&rclk=1",False,False
NIN,"Скиф-нн, Чоп","Адрес: ул. Борская, 17-а, Нижний Новгород, Нижегородская обл., 603053 ",Не указан,Телефон: 8 (831) 257-95-67 ,0,"https://www.google.com/maps/place/%D0%A1%D0%BA%D0%B8%D1%84-%D0%BD%D0%BD,+%D0%A7%D0%BE%D0%BF/data=!4m5!3m4!1s0x414e2a517bdf0d4f:0x4ec7e64ab56eb651!8m2!3d56.2593874!4d43.892263?authuser=0&hl=ru&rclk=1",False,False
NIN,Кодекс-нн,"Адрес: Луганская ул., 1, Нижний Новгород, Нижегородская обл., 603009 ",Сайт: kodeks-nnov.ru ,Не указан,0,https://www.google.com/maps/place/%D0%9A%D0%BE%D0%B4%D0%B5%D0%BA%D1%81-%D0%BD%D0%BD/data=!4m5!3m4!1s0x4151d5f8efeec8a7:0xc2aa1da3f6eec7b5!8m2!3d56.2723455!4d43.9816367?authuser=0&hl=ru&rclk=1,False,False
NIN,"Легион-нн, Чоп","Адрес: ул. Памирская, 11, Нижний Новгород, Нижегородская обл., 603029 ",Не указан,Телефон: 8 (831) 220-29-29 ,0,"https://www.google.com/maps/place/%D0%9B%D0%B5%D0%B3%D0%B8%D0%BE%D0%BD-%D0%BD%D0%BD,+%D0%A7%D0%BE%D0%BF/data=!4m5!3m4!1s0x414e2a87fdc6577f:0x9fe172fd327c9b28!8m2!3d56.272101!4d43.941519?authuser=0&hl=ru&rclk=1",False,False
NIN,Гранит - Охранное Агентство,"Адрес: ул. Станционная, 58, Нижний Новгород, Нижегородская обл., 603003 ",Не указан,Телефон: 8 (831) 273-10-62 ,0,https://www.google.com/maps/place/%D0%93%D1%80%D0%B0%D0%BD%D0%B8%D1%82+-+%D0%9E%D1%85%D1%80%D0%B0%D0%BD%D0%BD%D0%BE%D0%B5+%D0%90%D0%B3%D0%B5%D0%BD%D1%82%D1%81%D1%82%D0%B2%D0%BE/data=!4m5!3m4!1s0x4151d64c98629655:0x4143ba48254f3950!8m2!3d56.3524983!4d43.871928?authuser=0&hl=ru&rclk=1,False,False
NIN,"Сокол, частное охранное предприятие","Адрес: б sokoloff.socol2011@yandex.ru, Нижневолжская наб., 17, Н. Новгород, Нижегородская обл., 603001 ",Сайт: sokol-ohrana.ru ,Телефон: 8 (906) 348-31-06 ,0,"https://www.google.com/maps/place/%D0%A1%D0%BE%D0%BA%D0%BE%D0%BB,+%D1%87%D0%B0%D1%81%D1%82%D0%BD%D0%BE%D0%B5+%D0%BE%D1%85%D1%80%D0%B0%D0%BD%D0%BD%D0%BE%D0%B5+%D0%BF%D1%80%D0%B5%D0%B4%D0%BF%D1%80%D0%B8%D1%8F%D1%82%D0%B8%D0%B5/data=!4m5!3m4!1s0x4151d4341a7eff33:0x42a506c6756d92a8!8m2!3d56.328523!4d43.985445?authuser=0&hl=ru&rclk=1",False,False
NIN,Безопасность,"Адрес: ул. Зеленодольская, д.12, Нижний Новгород, Нижегородская обл., 603002 ",Сайт: bzp-nn.ru ,Телефон: 8 (831) 210-02-02 ,0,https://www.google.com/maps/place/%D0%91%D0%B5%D0%B7%D0%BE%D0%BF%D0%B0%D1%81%D0%BD%D0%BE%D1%81%D1%82%D1%8C/data=!4m5!3m4!1s0x4151d5e78e34031b:0x3f045ef7bd84d126!8m2!3d56.3154588!4d43.9363732?authuser=0&hl=ru&rclk=1,False,False
NIN,"Правопорядок, Частное Охранное Предприятие","Адрес: ул. Советской Армии, 7, Нижний Новгород, Нижегородская обл., 603111 ",Не указан,Телефон: 8 (831) 297-64-81 ,0,"https://www.google.com/maps/place/%D0%9F%D1%80%D0%B0%D0%B2%D0%BE%D0%BF%D0%BE%D1%80%D1%8F%D0%B4%D0%BE%D0%BA,+%D0%A7%D0%B0%D1%81%D1%82%D0%BD%D0%BE%D0%B5+%D0%9E%D1%85%D1%80%D0%B0%D0%BD%D0%BD%D0%BE%D0%B5+%D0%9F%D1%80%D0%B5%D0%B4%D0%BF%D1%80%D0%B8%D1%8F%D1%82%D0%B8%D0%B5/data=!4m5!3m4!1s0x414e2bb6b334f077:0x1dfe3f058398d0d5!8m2!3d56.256656!4d43.862939?authuser=0&hl=ru&rclk=1",False,False
NIN,"Концепция гражданской безопасности, охранное предприятие","Адрес: Магистратская ул., 11, Нижний Новгород, Нижегородская обл., 603001 ",Не указан,Телефон: 8 (831) 433-10-02 ,0,"https://www.google.com/maps/place/%D0%9A%D0%BE%D0%BD%D1%86%D0%B5%D0%BF%D1%86%D0%B8%D1%8F+%D0%B3%D1%80%D0%B0%D0%B6%D0%B4%D0%B0%D0%BD%D1%81%D0%BA%D0%BE%D0%B9+%D0%B1%D0%B5%D0%B7%D0%BE%D0%BF%D0%B0%D1%81%D0%BD%D0%BE%D1%81%D1%82%D0%B8,+%D0%BE%D1%85%D1%80%D0%B0%D0%BD%D0%BD%D0%BE%D0%B5+%D0%BF%D1%80%D0%B5%D0%B4%D0%BF%D1%80%D0%B8%D1%8F%D1%82%D0%B8%D0%B5/data=!4m5!3m4!1s0x4151d4379ab71cab:0x862e4a24e2b95cf!8m2!3d56.3305883!4d43.996473?authuser=0&hl=ru&rclk=1",False,False
NIN,"ЗОВ, охранное предприятие","Адрес: пр. Кирова, 9, пом. 2, Нижний Новгород, Нижегородская обл., 603004 ",Не указан,Телефон: 8 (951) 905-26-12 ,0,"https://www.google.com/maps/place/%D0%97%D0%9E%D0%92,+%D0%BE%D1%85%D1%80%D0%B0%D0%BD%D0%BD%D0%BE%D0%B5+%D0%BF%D1%80%D0%B5%D0%B4%D0%BF%D1%80%D0%B8%D1%8F%D1%82%D0%B8%D0%B5/data=!4m5!3m4!1s0x414e2ba528a26759:0x4b93ca5a518ab5cf!8m2!3d56.24809!4d43.862056?authuser=0&hl=ru&rclk=1",False,False
NIN,"Волкодав, частное охранное предприятие","Адрес: Тираспольская ул., 9, Нижний Новгород, Нижегородская обл., 603011 ",Не указан,Телефон: 8 (831) 245-31-03 ,0,"https://www.google.com/maps/place/%D0%92%D0%BE%D0%BB%D0%BA%D0%BE%D0%B4%D0%B0%D0%B2,+%D1%87%D0%B0%D1%81%D1%82%D0%BD%D0%BE%D0%B5+%D0%BE%D1%85%D1%80%D0%B0%D0%BD%D0%BD%D0%BE%D0%B5+%D0%BF%D1%80%D0%B5%D0%B4%D0%BF%D1%80%D0%B8%D1%8F%D1%82%D0%B8%D0%B5/data=!4m5!3m4!1s0x4151d5f298deeb17:0xad6cfa44c1b49b98!8m2!3d56.301338!4d43.9370979?authuser=0&hl=ru&rclk=1",False,False
NIN,Бастион Охранное Предприятие,"Адрес: ул. Тверская, 9, Нижний Новгород, Нижегородская обл., 603000 ",Сайт: bastion-op.ru ,Телефон: 8 (831) 234-37-42 ,0,https://www.google.com/maps/place/%D0%91%D0%B0%D1%81%D1%82%D0%B8%D0%BE%D0%BD+%D0%9E%D1%85%D1%80%D0%B0%D0%BD%D0%BD%D0%BE%D0%B5+%D0%9F%D1%80%D0%B5%D0%B4%D0%BF%D1%80%D0%B8%D1%8F%D1%82%D0%B8%D0%B5/data=!4m5!3m4!1s0x4151d5acf01bdeeb:0xebe52787bba77387!8m2!3d56.312424!4d44.002776?authuser=0&hl=ru&rclk=1,False,False
NIN,"Группа Компаний ""Каскад""","Адрес: ул. Чаадаева, 5 в, Нижний Новгород, Нижегородская обл., 603035 ",Сайт: gkaskad.ru ,Телефон: 8 (831) 274-59-83 ,2,https://www.google.com/maps/place/%D0%93%D1%80%D1%83%D0%BF%D0%BF%D0%B0+%D0%9A%D0%BE%D0%BC%D0%BF%D0%B0%D0%BD%D0%B8%D0%B9+%22%D0%9A%D0%B0%D1%81%D0%BA%D0%B0%D0%B4%22/data=!4m5!3m4!1s0x4151d626443cba5b:0x863057a0daa80805!8m2!3d56.32928!4d43.854373?authuser=0&hl=ru&rclk=1,"https://www.google.com/maps/place/%D0%93%D1%80%D1%83%D0%BF%D0%BF%D0%B0+%D0%9A%D0%BE%D0%BC%D0%BF%D0%B0%D0%BD%D0%B8%D0%B9+%22%D0%9A%D0%B0%D1%81%D0%BA%D0%B0%D0%B4%22/@56.32928,43.8521843,17z/data=!4m7!3m6!1s0x4151d626443cba5b:0x863057a0daa80805!8m2!3d56.32928!4d43.854373!9m1!1b1?authuser=0&hl=ru",https://www.google.com/maps/preview/review/listentitiesreviews?authuser=0&hl=ru&gl=ru&authuser=0&pb=!1m2!1y4706778545420810843!2y9669324748339283973!2m2!1i0!2i10!3e1!4m5!3b1!4b1!5b1!6b1!7b1!5m2!1sr6Z6Yf_bAtDIrgSTmaTIAw!7e81
NIN,Обеспечение и организация безопасности В Нижнем Новгороде,"Адрес: ул. Адмирала Нахимова, 1, пом.1, Нижний Новгород, Нижегородская обл., 603073 ",Не указан,Телефон: 8 (904) 040-85-27 ,0,https://www.google.com/maps/place/%D0%9E%D0%B1%D0%B5%D1%81%D0%BF%D0%B5%D1%87%D0%B5%D0%BD%D0%B8%D0%B5+%D0%B8+%D0%BE%D1%80%D0%B3%D0%B0%D0%BD%D0%B8%D0%B7%D0%B0%D1%86%D0%B8%D1%8F+%D0%B1%D0%B5%D0%B7%D0%BE%D0%BF%D0%B0%D1%81%D0%BD%D0%BE%D1%81%D1%82%D0%B8+%D0%92+%D0%9D%D0%B8%D0%B6%D0%BD%D0%B5%D0%BC+%D0%9D%D0%BE%D0%B2%D0%B3%D0%BE%D1%80%D0%BE%D0%B4%D0%B5/data=!4m5!3m4!1s0x414e2a60eb9223e5:0x6b1194ce58c82348!8m2!3d56.268501!4d43.922299?authuser=0&hl=ru&rclk=1,False,False
NIN,"Скорпион-нн, Чоп","Адрес: пл. Свободы, 2 а, Нижний Новгород, Нижегородская обл., 603006 ",Не указан,Телефон: 8 (831) 421-03-23 ,0,"https://www.google.com/maps/place/%D0%A1%D0%BA%D0%BE%D1%80%D0%BF%D0%B8%D0%BE%D0%BD-%D0%BD%D0%BD,+%D0%A7%D0%BE%D0%BF/data=!4m5!3m4!1s0x4151d4513e187183:0xffc9526bc166af0a!8m2!3d56.317572!4d44.0166261?authuser=0&hl=ru&rclk=1",False,False
NIN,"Есаул, охранное агентство","Адрес: ул. Нестерова, 9, Нижний Новгород, Нижегородская обл., 603005 ",Не указан,Телефон: 8 (831) 419-51-67 ,0,"https://www.google.com/maps/place/%D0%95%D1%81%D0%B0%D1%83%D0%BB,+%D0%BE%D1%85%D1%80%D0%B0%D0%BD%D0%BD%D0%BE%D0%B5+%D0%B0%D0%B3%D0%B5%D0%BD%D1%82%D1%81%D1%82%D0%B2%D0%BE/data=!4m5!3m4!1s0x4151d445131b906b:0x1b9b8f99d7ba86e7!8m2!3d56.325822!4d44.015717?authuser=0&hl=ru&rclk=1",False,False
NIN,"Шмель, охранное предприятие","Адрес: Верхневолжская набережная, 4, Нижний Новгород, Нижегородская обл., 603005 ",Не указан,Телефон: 8 (831) 439-10-75 ,0,"https://www.google.com/maps/place/%D0%A8%D0%BC%D0%B5%D0%BB%D1%8C,+%D0%BE%D1%85%D1%80%D0%B0%D0%BD%D0%BD%D0%BE%D0%B5+%D0%BF%D1%80%D0%B5%D0%B4%D0%BF%D1%80%D0%B8%D1%8F%D1%82%D0%B8%D0%B5/data=!4m5!3m4!1s0x4151d4469eb41efd:0x80f6909d86339789!8m2!3d56.3294157!4d44.0132664?authuser=0&hl=ru&rclk=1",False,False
NIN,"ООО ЧОП ""НИЖЕГОРОДСКИЙ ЦЕНТР БЕЗОПАСНОСТИ""","Адрес: ул. Козицкого, д.7, Нижний Новгород, Нижегородская обл., 603122 ",Сайт: chopncb.com ,Телефон: 8 (904) 799-53-59 ,0,https://www.google.com/maps/place/%D0%9E%D0%9E%D0%9E+%D0%A7%D0%9E%D0%9F+%22%D0%9D%D0%98%D0%96%D0%95%D0%93%D0%9E%D0%A0%D0%9E%D0%94%D0%A1%D0%9A%D0%98%D0%99+%D0%A6%D0%95%D0%9D%D0%A2%D0%A0+%D0%91%D0%95%D0%97%D0%9E%D0%9F%D0%90%D0%A1%D0%9D%D0%9E%D0%A1%D0%A2%D0%98%22/data=!4m5!3m4!1s0x4151d53c2266650d:0x5a006f929b31e40c!8m2!3d56.2906601!4d44.0495801?authuser=0&hl=ru&rclk=1,False,False
NIN,Лукойл-защита Охранное Предприятие,"Адрес: ул. Костина, 2, Нижний Новгород, Нижегородская обл., 603000 ",Не указан,Телефон: 8 (831) 230-18-78 ,0,https://www.google.com/maps/place/%D0%9B%D1%83%D0%BA%D0%BE%D0%B9%D0%BB-%D0%B7%D0%B0%D1%89%D0%B8%D1%82%D0%B0+%D0%9E%D1%85%D1%80%D0%B0%D0%BD%D0%BD%D0%BE%D0%B5+%D0%9F%D1%80%D0%B5%D0%B4%D0%BF%D1%80%D0%B8%D1%8F%D1%82%D0%B8%D0%B5/data=!4m5!3m4!1s0x4151d5b1e3224bb5:0xbd602f617e713949!8m2!3d56.312556!4d43.991195?authuser=0&hl=ru&rclk=1,False,False
NIN,"Алекс, техническая компания","Адрес: ул. Волжская наб., 24, Нижний Новгород, Нижегородская обл., 603159 ",Сайт: zenitnn.ru ,Не указан,1,"https://www.google.com/maps/place/%D0%90%D0%BB%D0%B5%D0%BA%D1%81,+%D1%82%D0%B5%D1%85%D0%BD%D0%B8%D1%87%D0%B5%D1%81%D0%BA%D0%B0%D1%8F+%D0%BA%D0%BE%D0%BC%D0%BF%D0%B0%D0%BD%D0%B8%D1%8F/data=!4m5!3m4!1s0x4151d6813ceefce9:0xd0ea8e3c13542360!8m2!3d56.341368!4d43.952945?authuser=0&hl=ru&rclk=1","https://www.google.com/maps/place/%D0%90%D0%BB%D0%B5%D0%BA%D1%81,+%D1%82%D0%B5%D1%85%D0%BD%D0%B8%D1%87%D0%B5%D1%81%D0%BA%D0%B0%D1%8F+%D0%BA%D0%BE%D0%BC%D0%BF%D0%B0%D0%BD%D0%B8%D1%8F/@56.341368,43.9507563,17z/data=!4m7!3m6!1s0x4151d6813ceefce9:0xd0ea8e3c13542360!8m2!3d56.341368!4d43.952945!9m1!1b1?authuser=0&hl=ru",https://www.google.com/maps/preview/review/listentitiesreviews?authuser=0&hl=ru&gl=ru&authuser=0&pb=!1m2!1y4706778936140299497!2y15054001093112767328!2m2!1i0!2i10!3e1!4m5!3b1!4b1!5b1!6b1!7b1!5m2!1sQKd6YZnNJImRrwS9ip3oDw!7e81
NIN,АРСЕНАЛ Специализир. Охранное Агентство Члены Нац. Ассоциации Телохранителей России,"Адрес: ул. Костина, 4, Нижний Новгород, Нижегородская обл., 603000 ",Не указан,Телефон: 8 (831) 233-57-99 ,0,https://www.google.com/maps/place/%D0%90%D0%A0%D0%A1%D0%95%D0%9D%D0%90%D0%9B+%D0%A1%D0%BF%D0%B5%D1%86%D0%B8%D0%B0%D0%BB%D0%B8%D0%B7%D0%B8%D1%80.+%D0%9E%D1%85%D1%80%D0%B0%D0%BD%D0%BD%D0%BE%D0%B5+%D0%90%D0%B3%D0%B5%D0%BD%D1%82%D1%81%D1%82%D0%B2%D0%BE+%D0%A7%D0%BB%D0%B5%D0%BD%D1%8B+%D0%9D%D0%B0%D1%86.+%D0%90%D1%81%D1%81%D0%BE%D1%86%D0%B8%D0%B0%D1%86%D0%B8%D0%B8+%D0%A2%D0%B5%D0%BB%D0%BE%D1%85%D1%80%D0%B0%D0%BD%D0%B8%D1%82%D0%B5%D0%BB%D0%B5%D0%B9+%D0%A0%D0%BE%D1%81%D1%81%D0%B8%D0%B8/data=!4m5!3m4!1s0x4151d5b1e02b81bf:0x9756ac3a01179a2a!8m2!3d56.3114338!4d43.9914402?authuser=0&hl=ru&rclk=1,False,False
NIN,"Центурион, Чоп","Адрес: Сормовское ш., 20, Нижний Новгород, Нижегородская обл., 603074 ",Не указан,Телефон: 8 (831) 241-47-94 ,0,"https://www.google.com/maps/place/%D0%A6%D0%B5%D0%BD%D1%82%D1%83%D1%80%D0%B8%D0%BE%D0%BD,+%D0%A7%D0%BE%D0%BF/data=!4m5!3m4!1s0x4151d5e063d63a0f:0xdb95eb92bb436e78!8m2!3d56.3194788!4d43.926091?authuser=0&hl=ru&rclk=1",False,False
NIN,Комплекс-страж,"Адрес: Силикатная ул., 4, Нижний Новгород, Нижегородская обл., 603040 ",Сайт: komplex-strazh.ru ,Телефон: 8 (903) 602-72-69 ,0,https://www.google.com/maps/place/%D0%9A%D0%BE%D0%BC%D0%BF%D0%BB%D0%B5%D0%BA%D1%81-%D1%81%D1%82%D1%80%D0%B0%D0%B6/data=!4m5!3m4!1s0x4151d7b856be0c77:0x152dc6fe5caec5bc!8m2!3d56.3594473!4d43.8456283?authuser=0&hl=ru&rclk=1,False,False
NIN,Святозар ЧОП,"Адрес: ул. Федосеенко, 47, Нижний Новгород, Нижегородская обл., 603037 ",Не указан,Телефон: 8 (831) 415-47-03 ,0,https://www.google.com/maps/place/%D0%A1%D0%B2%D1%8F%D1%82%D0%BE%D0%B7%D0%B0%D1%80+%D0%A7%D0%9E%D0%9F/data=!4m5!3m4!1s0x4151d7d7b8e6da8b:0xcb9b24570439c61d!8m2!3d56.341142!4d43.8150879?authuser=0&hl=ru&rclk=1,False,False
NIN,Пункт централизованной охраны № 12 в Приокском районе,"Адрес: Луганская ул., 6-а, Нижний Новгород, Нижегородская обл., 603009 ",Не указан,Телефон: 8 (831) 466-90-28 ,0,https://www.google.com/maps/place/%D0%9F%D1%83%D0%BD%D0%BA%D1%82+%D1%86%D0%B5%D0%BD%D1%82%D1%80%D0%B0%D0%BB%D0%B8%D0%B7%D0%BE%D0%B2%D0%B0%D0%BD%D0%BD%D0%BE%D0%B9+%D0%BE%D1%85%D1%80%D0%B0%D0%BD%D1%8B+%E2%84%96+12+%D0%B2+%D0%9F%D1%80%D0%B8%D0%BE%D0%BA%D1%81%D0%BA%D0%BE%D0%BC+%D1%80%D0%B0%D0%B9%D0%BE%D0%BD%D0%B5/data=!4m5!3m4!1s0x4151d561633cf359:0x9d25ca7761723758!8m2!3d56.271346!4d43.9841763?authuser=0&hl=ru&rclk=1,False,False
NIN,Витязь-НН,"Адрес: пр. Ленина, 95, 4 этаж, Нижний Новгород, Нижегородская обл., 603004 ",Сайт: aboxrana.ru ,Телефон: 8 (929) 053-23-51 ,1,https://www.google.com/maps/place/%D0%92%D0%B8%D1%82%D1%8F%D0%B7%D1%8C-%D0%9D%D0%9D/data=!4m5!3m4!1s0x414e2a54f453410b:0xc202b5e722c0ec57!8m2!3d56.2546705!4d43.8932115?authuser=0&hl=ru&rclk=1,"https://www.google.com/maps/place/%D0%92%D0%B8%D1%82%D1%8F%D0%B7%D1%8C-%D0%9D%D0%9D/@56.2546705,43.8910228,17z/data=!3m1!5s0x414e2a54f36e9ee3:0x20fc9932284a7121!4m7!3m6!1s0x414e2a54f453410b:0xc202b5e722c0ec57!8m2!3d56.2546705!4d43.8932115!9m1!1b1?authuser=0&hl=ru",https://www.google.com/maps/preview/review/listentitiesreviews?authuser=0&hl=ru&gl=ru&authuser=0&pb=!1m2!1y4705745205013463307!2y13979936197636582487!2m2!1i0!2i10!3e1!4m5!3b1!4b1!5b1!6b1!7b1!5m2!1s2Kd6YavCBJafrwTM9paIAQ!7e81
NIN,"ООО ЧОО ""Группа-А""","Адрес: ул. Родионова, 192В, 25, Нижний Новгород, Нижегородская обл., 603093 ",Не указан,Телефон: 8 (831) 278-93-44 ,0,https://www.google.com/maps/place/%D0%9E%D0%9E%D0%9E+%D0%A7%D0%9E%D0%9E+%22%D0%93%D1%80%D1%83%D0%BF%D0%BF%D0%B0-%D0%90%22/data=!4m5!3m4!1s0x4151d4c0f04c364f:0x8b72df48a7658678!8m2!3d56.3065955!4d44.0827053?authuser=0&hl=ru&rclk=1,False,False
NIN,"Частное охранное предприятие ""НАТО""","Адрес: ул. Лоскутова, 2, Нижний Новгород, Нижегородская обл., 603004 ",Не указан,Телефон: 8 (831) 295-70-82 ,0,https://www.google.com/maps/place/%D0%A7%D0%B0%D1%81%D1%82%D0%BD%D0%BE%D0%B5+%D0%BE%D1%85%D1%80%D0%B0%D0%BD%D0%BD%D0%BE%D0%B5+%D0%BF%D1%80%D0%B5%D0%B4%D0%BF%D1%80%D0%B8%D1%8F%D1%82%D0%B8%D0%B5+%22%D0%9D%D0%90%D0%A2%D0%9E%22/data=!4m5!3m4!1s0x414e2ba391a0c961:0x47906eaf80eeb705!8m2!3d56.244306!4d43.860675?authuser=0&hl=ru&rclk=1,False,False
NIN,ОКА-СБ,"Адрес: ул. Медицинская, д. 1А, Нижний Новгород, Нижегородская обл., 603081 ",Сайт: oka-sb.ru ,Телефон: 8 (831) 413-85-87 ,0,https://www.google.com/maps/place/%D0%9E%D0%9A%D0%90-%D0%A1%D0%91/data=!4m5!3m4!1s0x4151d570806796b1:0xc86c11df546ae93f!8m2!3d56.281747!4d43.982677?authuser=0&hl=ru&rclk=1,False,False
NIN,Форт-Безопасность,"Адрес: ул. Полтавская, 30, Нижний Новгород, Нижегородская обл., 603089 ",Не указан,Телефон: 8 (831) 220-70-50 ,0,https://www.google.com/maps/place/%D0%A4%D0%BE%D1%80%D1%82-%D0%91%D0%B5%D0%B7%D0%BE%D0%BF%D0%B0%D1%81%D0%BD%D0%BE%D1%81%D1%82%D1%8C/data=!4m5!3m4!1s0x4151d4f8870a0fb1:0x465455f120bc8cb9!8m2!3d56.313602!4d44.028416?authuser=0&hl=ru&rclk=1,False,False
NIN,Оберег НН,"Адрес: ул. Адмирала Нахимова, 28, Нижний Новгород, Нижегородская обл., 603073 ",Сайт: оберег-нн.рф ,Телефон: 8 (831) 250-00-02 ,2,https://www.google.com/maps/place/%D0%9E%D0%B1%D0%B5%D1%80%D0%B5%D0%B3+%D0%9D%D0%9D/data=!4m5!3m4!1s0x414e2a8af66130f3:0x8ee8e86b842162b9!8m2!3d56.265468!4d43.931592?authuser=0&hl=ru&rclk=1,"https://www.google.com/maps/place/%D0%9E%D0%B1%D0%B5%D1%80%D0%B5%D0%B3+%D0%9D%D0%9D/@56.265468,43.9294033,17z/data=!4m7!3m6!1s0x414e2a8af66130f3:0x8ee8e86b842162b9!8m2!3d56.2652233!4d43.9312373!9m1!1b1?authuser=0&hl=ru",https://www.google.com/maps/preview/review/listentitiesreviews?authuser=0&hl=ru&gl=ru&authuser=0&pb=!1m2!1y4705745436976165107!2y10297736096458564281!2m2!1i0!2i10!3e1!4m5!3b1!4b1!5b1!6b1!7b1!5m2!1sEah6Yb67IOvhrgTH24bIBA!7e81
NIN,"Безопасность, группа охранных компаний","Адрес: ул. Зеленодольская, 12, Нижний Новгород, Нижегородская обл., 603002 ",Сайт: bzpnn.ru ,Телефон: 8 (831) 245-81-91 ,0,"https://www.google.com/maps/place/%D0%91%D0%B5%D0%B7%D0%BE%D0%BF%D0%B0%D1%81%D0%BD%D0%BE%D1%81%D1%82%D1%8C,+%D0%B3%D1%80%D1%83%D0%BF%D0%BF%D0%B0+%D0%BE%D1%85%D1%80%D0%B0%D0%BD%D0%BD%D1%8B%D1%85+%D0%BA%D0%BE%D0%BC%D0%BF%D0%B0%D0%BD%D0%B8%D0%B9/data=!4m5!3m4!1s0x4151d5e79275ca79:0x5d2c398a7ca97ff6!8m2!3d56.3153512!4d43.9362359?authuser=0&hl=ru&rclk=1",False,False
NIN,Кодекс-нн,"Адрес: Нижний Новгород, Нижегородская обл., 603057 ",Сайт: kodeks-nnov.ru ,Телефон: 8 (831) 423-80-99 ,0,https://www.google.com/maps/place/%D0%9A%D0%BE%D0%B4%D0%B5%D0%BA%D1%81-%D0%BD%D0%BD/data=!4m5!3m4!1s0x4151d50cea3f3db9:0x63b6689d659df5fe!8m2!3d56.2905323!4d43.9980688?authuser=0&hl=ru&rclk=1,False,False
NIN,"Альфа-гром, Чоп","Адрес: ул. Сурикова, 12А, Нижний Новгород, Нижегородская обл., 603081 ",Не указан,Телефон: 8 (903) 055-42-88 ,0,"https://www.google.com/maps/place/%D0%90%D0%BB%D1%8C%D1%84%D0%B0-%D0%B3%D1%80%D0%BE%D0%BC,+%D0%A7%D0%BE%D0%BF/data=!4m5!3m4!1s0x4151d564ec1a6d11:0xb625311db1dead7b!8m2!3d56.276754!4d43.983598?authuser=0&hl=ru&rclk=1",False,False
NIN,Приволжский Центр Охраны СХСгруп,"Адрес: ул. Гордеевская, 7, офис 305 Б, Нижний Новгород, Нижегородская обл., 603116 ",Не указан,Телефон: 8 (951) 917-02-02 ,0,https://www.google.com/maps/place/%D0%9F%D1%80%D0%B8%D0%B2%D0%BE%D0%BB%D0%B6%D1%81%D0%BA%D0%B8%D0%B9+%D0%A6%D0%B5%D0%BD%D1%82%D1%80+%D0%9E%D1%85%D1%80%D0%B0%D0%BD%D1%8B+%D0%A1%D0%A5%D0%A1%D0%B3%D1%80%D1%83%D0%BF/data=!4m5!3m4!1s0x4151d5da04064b67:0xf51a80821f1126f8!8m2!3d56.32513!4d43.9459491?authuser=0&hl=ru&rclk=1,False,False
NIN,Ставр,"Адрес: ул. Кащенко, 2Б, Нижний Новгород, Нижегородская обл., 603152 ",Сайт: stavr-chop.ru ,Телефон: 8 (831) 220-14-03 ,0,https://www.google.com/maps/place/%D0%A1%D1%82%D0%B0%D0%B2%D1%80/data=!4m5!3m4!1s0x414e2ab09deb5d4d:0xebd9444939292792!8m2!3d56.249039!4d43.982258?authuser=0&hl=ru&rclk=1,False,False
NIN,"Охранная фирма ""Катран НН""","Адрес: ул. Карпинского, 29, Нижний Новгород, Нижегородская обл., 603094 ",Сайт: katran-ohrana.ru ,Телефон: 8 (903) 602-45-00 ,0,https://www.google.com/maps/place/%D0%9E%D1%85%D1%80%D0%B0%D0%BD%D0%BD%D0%B0%D1%8F+%D1%84%D0%B8%D1%80%D0%BC%D0%B0+%22%D0%9A%D0%B0%D1%82%D1%80%D0%B0%D0%BD+%D0%9D%D0%9D%22/data=!4m5!3m4!1s0x4151d63a7be8db0b:0xd174ee86a186f80!8m2!3d56.337076!4d43.8668781?authuser=0&hl=ru&rclk=1,False,False
NIN,"ООО ЧОО ""ОА ""Виктория""","Адрес: Тепличная ул., 2а, Нижний Новгород, Нижегородская обл., 603092 ",Не указан,Телефон: 8 (831) 413-81-85 ,0,https://www.google.com/maps/place/%D0%9E%D0%9E%D0%9E+%D0%A7%D0%9E%D0%9E+%22%D0%9E%D0%90+%22%D0%92%D0%B8%D0%BA%D1%82%D0%BE%D1%80%D0%B8%D1%8F%22/data=!4m5!3m4!1s0x4151d7e91bceae25:0xe3b89400ba67b7f0!8m2!3d56.305715!4d43.8146381?authuser=0&hl=ru&rclk=1,False,False
NIN,ДВЕ ГРУППЪ НИЖНИЙ НОВГОРОД,"Адрес: ул. Совхозная, д.9бк1, оф.22, Нижний Новгород, Нижегородская обл., 603005 ",Сайт: dvegroup.ru ,Телефон: 8 (920) 020-29-22 ,0,https://www.google.com/maps/place/%D0%94%D0%92%D0%95+%D0%93%D0%A0%D0%A3%D0%9F%D0%9F%D0%AA+%D0%9D%D0%98%D0%96%D0%9D%D0%98%D0%99+%D0%9D%D0%9E%D0%92%D0%93%D0%9E%D0%A0%D0%9E%D0%94/data=!4m5!3m4!1s0x4151d4489f544e37:0xdfca348238decb6!8m2!3d56.3268684!4d44.0058793?authuser=0&hl=ru&rclk=1,False,False
NIN,Гольфстрим,"Адрес: ул. Ошарская, 77 А, Нижний Новгород, Нижегородская обл., 603105 ",Сайт: nn.gulfstream.ru ,Телефон: 8 (831) 260-09-09 ,0,https://www.google.com/maps/place/%D0%93%D0%BE%D0%BB%D1%8C%D1%84%D1%81%D1%82%D1%80%D0%B8%D0%BC/data=!4m5!3m4!1s0x4151d501c2a135cb:0x4c38eea13b66c6e2!8m2!3d56.3050767!4d44.0203118?authuser=0&hl=ru&rclk=1,False,False
NIN,"Агентство ""ЛУКОМ-А-Нижний Новгород""","Адрес: тер. Промзона, 3, Кстово, Нижегородская обл., 607672 ",Сайт: lukom-a.ru ,Телефон: 8 (831) 455-38-36 ,7,https://www.google.com/maps/place/%D0%90%D0%B3%D0%B5%D0%BD%D1%82%D1%81%D1%82%D0%B2%D0%BE+%22%D0%9B%D0%A3%D0%9A%D0%9E%D0%9C-%D0%90-%D0%9D%D0%B8%D0%B6%D0%BD%D0%B8%D0%B9+%D0%9D%D0%BE%D0%B2%D0%B3%D0%BE%D1%80%D0%BE%D0%B4%22/data=!4m5!3m4!1s0x414fd7c5db22a76b:0x881474e8575758d5!8m2!3d56.1037864!4d44.1410331?authuser=0&hl=ru&rclk=1,"https://www.google.com/maps/place/%D0%90%D0%B3%D0%B5%D0%BD%D1%82%D1%81%D1%82%D0%B2%D0%BE+%22%D0%9B%D0%A3%D0%9A%D0%9E%D0%9C-%D0%90-%D0%9D%D0%B8%D0%B6%D0%BD%D0%B8%D0%B9+%D0%9D%D0%BE%D0%B2%D0%B3%D0%BE%D1%80%D0%BE%D0%B4%22/@56.1037864,44.1388444,17z/data=!4m7!3m6!1s0x414fd7c5db22a76b:0x881474e8575758d5!8m2!3d56.1037864!4d44.1410331!9m1!1b1?authuser=0&hl=ru",https://www.google.com/maps/preview/review/listentitiesreviews?authuser=0&hl=ru&gl=ru&authuser=0&pb=!1m2!1y4706217380410468203!2y9805590829938989269!2m2!1i0!2i10!3e1!4m5!3b1!4b1!5b1!6b1!7b1!5m2!1sd6h6YdqnHIv3qwGfzKPIBg!7e81
NIN,о нас,"Адрес: ул. Тургенева, 27, Нижний Новгород, Нижегородская обл., 603093 ",Сайт: grifon-chop.ru ,Телефон: 8 (950) 370-81-16 ,0,https://www.google.com/maps/place/%D0%BE+%D0%BD%D0%B0%D1%81/data=!4m5!3m4!1s0x4151d4f66753de0d:0x1d4527864c1ab353!8m2!3d56.3170893!4d44.0405016?authuser=0&hl=ru&rclk=1,False,False
NIN,Викинг-нн Охранное Агентство,"Адрес: Нижний Новгород, Нижегородская обл., 603043 ",Не указан,Телефон: 8 (831) 296-01-07 ,0,https://www.google.com/maps/place/%D0%92%D0%B8%D0%BA%D0%B8%D0%BD%D0%B3-%D0%BD%D0%BD+%D0%9E%D1%85%D1%80%D0%B0%D0%BD%D0%BD%D0%BE%D0%B5+%D0%90%D0%B3%D0%B5%D0%BD%D1%82%D1%81%D1%82%D0%B2%D0%BE/data=!4m5!3m4!1s0x414e2bb1d5287ac3:0x5490d31e4a7e24a5!8m2!3d56.252076!4d43.868202?authuser=0&hl=ru&rclk=1,False,False
NIN,Вымпел,"Адрес: ул. Витебская, 1, Нижний Новгород, Нижегородская обл., 603059 ",Не указан,Телефон: 8 (831) 277-99-14 ,0,https://www.google.com/maps/place/%D0%92%D1%8B%D0%BC%D0%BF%D0%B5%D0%BB/data=!4m5!3m4!1s0x4151d5c2b130b349:0x7722ef3bb5e51636!8m2!3d56.315232!4d43.941351?authuser=0&hl=ru&rclk=1,False,False
NIN,"Аллигатор-Поволжье, частная охранная организация","Адрес: просп. Гагарина, 21 корпус 2, Нижний Новгород, Нижегородская обл., 603022 ",Сайт: alligator-nn.ru ,Телефон: 8 (831) 414-40-14 ,0,"https://www.google.com/maps/place/%D0%90%D0%BB%D0%BB%D0%B8%D0%B3%D0%B0%D1%82%D0%BE%D1%80-%D0%9F%D0%BE%D0%B2%D0%BE%D0%BB%D0%B6%D1%8C%D0%B5,+%D1%87%D0%B0%D1%81%D1%82%D0%BD%D0%B0%D1%8F+%D0%BE%D1%85%D1%80%D0%B0%D0%BD%D0%BD%D0%B0%D1%8F+%D0%BE%D1%80%D0%B3%D0%B0%D0%BD%D0%B8%D0%B7%D0%B0%D1%86%D0%B8%D1%8F/data=!4m5!3m4!1s0x40f6c38240000001:0xb9e3075368569d74!8m2!3d56.3004817!4d43.9838668?authuser=0&hl=ru&rclk=1",False,False
NIN,Эскорт Поволжье,"Адрес: Новгород, ул, Большая Покровская ул., д. 93Б, пом. 16, г. Нижний, Нижегородская обл., 603000 ",Сайт: kobra52.ru ,Телефон: 8 (831) 423-05-30 ,0,https://www.google.com/maps/place/%D0%AD%D1%81%D0%BA%D0%BE%D1%80%D1%82+%D0%9F%D0%BE%D0%B2%D0%BE%D0%BB%D0%B6%D1%8C%D0%B5/data=!4m5!3m4!1s0x4151d5b05269f553:0x7c64310a9a8bf1b2!8m2!3d56.311246!4d43.986159?authuser=0&hl=ru&rclk=1,False,False
NIN,Гард НН,"Адрес: ул. Красносельская, 11, Нижний Новгород, Нижегородская обл., 603022 ",Сайт: gardnn.ru ,Телефон: 8 (831) 434-24-70 ,0,https://www.google.com/maps/place/%D0%93%D0%B0%D1%80%D0%B4+%D0%9D%D0%9D/data=!4m5!3m4!1s0x4151d5baf8cda8f9:0x3b34ea1d2cf14731!8m2!3d56.308829!4d43.9788461?authuser=0&hl=ru&rclk=1,False,False
NIN,Гармония,"Адрес: ул. Коминтерна, 41В, Нижний Новгород, Нижегородская обл., 603157 ",Не указан,Телефон: 8 (831) 270-39-79 ,0,https://www.google.com/maps/place/%D0%93%D0%B0%D1%80%D0%BC%D0%BE%D0%BD%D0%B8%D1%8F/data=!4m5!3m4!1s0x4151d6381f4be06b:0x103f39f7ccfb5bf9!8m2!3d56.3425309!4d43.8761297?authuser=0&hl=ru&rclk=1,False,False
NIN,Гепард,"Адрес: ул. Совнаркомовская, 4, Нижний Новгород, Нижегородская обл., 603086 ",Сайт: gepard-nnov.ru ,Телефон: 8 (831) 246-07-06 ,0,https://www.google.com/maps/place/%D0%93%D0%B5%D0%BF%D0%B0%D1%80%D0%B4/data=!4m5!3m4!1s0x4151d5d33015b627:0xd1f1bd8fd064fa85!8m2!3d56.3312007!4d43.9641466?authuser=0&hl=ru&rclk=1,False,False
NIN,OPGUTE<,"Адрес: Студенческая ул., д. 12, Нижний Новгород, Нижегородская обл., 603022 ",Сайт: orbitek.ru ,Телефон: 8 (800) 222-78-02 ,0,https://www.google.com/maps/place/OPGUTE%3C/data=!4m5!3m4!1s0x4151d5a359655555:0xcbedab07114a3a68!8m2!3d56.3038437!4d43.9789993?authuser=0&hl=ru&rclk=1,False,False
NIN,Пост Охраны Нефтяной Альянс,"Адрес: Малышевская ул., 21, Нижний Новгород, Нижегородская обл., 603018 ",Не указан,Не указан,1,https://www.google.com/maps/place/%D0%9F%D0%BE%D1%81%D1%82+%D0%9E%D1%85%D1%80%D0%B0%D0%BD%D1%8B+%D0%9D%D0%B5%D1%84%D1%82%D1%8F%D0%BD%D0%BE%D0%B9+%D0%90%D0%BB%D1%8C%D1%8F%D0%BD%D1%81/data=!4m5!3m4!1s0x414e2b7dab0464f1:0xf0a4e02630f0dfe4!8m2!3d56.218418!4d43.8496354?authuser=0&hl=ru&rclk=1,"https://www.google.com/maps/place/%D0%9F%D0%BE%D1%81%D1%82+%D0%9E%D1%85%D1%80%D0%B0%D0%BD%D1%8B+%D0%9D%D0%B5%D1%84%D1%82%D1%8F%D0%BD%D0%BE%D0%B9+%D0%90%D0%BB%D1%8C%D1%8F%D0%BD%D1%81/@56.218418,43.8474467,17z/data=!4m7!3m6!1s0x414e2b7dab0464f1:0xf0a4e02630f0dfe4!8m2!3d56.2184382!4d43.849614!9m1!1b1?authuser=0&hl=ru",https://www.google.com/maps/preview/review/listentitiesreviews?authuser=0&hl=ru&gl=ru&authuser=0&pb=!1m2!1y4705746479388845297!2y17340230919917723620!2m2!1i0!2i10!3e1!4m5!3b1!4b1!5b1!6b1!7b1!5m2!1s2qh6YYG5KcWJrwTdhKD4DA!7e81
NIN,Зубр,"Адрес: ул. Нартова, 6, Нижний Новгород, Нижегородская обл., 603104 ",Не указан,Телефон: 8 (831) 278-63-92 ,0,https://www.google.com/maps/place/%D0%97%D1%83%D0%B1%D1%80/data=!4m5!3m4!1s0x4151d56e668cfa59:0x8a1e60f124f164e8!8m2!3d56.2806151!4d43.9957091?authuser=0&hl=ru&rclk=1,False,False
NIN,В.В.В,"Адрес: ул. Кузбасская, 1, Нижний Новгород, Нижегородская обл., 603108 ",Не указан,Телефон: 8 (831) 279-12-75 ,0,https://www.google.com/maps/place/%D0%92.%D0%92.%D0%92/data=!4m5!3m4!1s0x414e29f9ed01036b:0xd7941b21d90ce73f!8m2!3d56.303982!4d43.8718361?authuser=0&hl=ru&rclk=1,False,False
NIN,Патруль,"Адрес: ул. Шаляпина, 20, Нижний Новгород, Нижегородская обл., 603074 ",Не указан,Телефон: 8 (831) 241-32-76 ,0,https://www.google.com/maps/place/%D0%9F%D0%B0%D1%82%D1%80%D1%83%D0%BB%D1%8C/data=!4m5!3m4!1s0x4151d6722a9e5b1b:0xba9381aad7d585c1!8m2!3d56.3303174!4d43.9208396?authuser=0&hl=ru&rclk=1,False,False
NIN,ПРЕМЬЕР-СЕКЬЮРИТИ,"Адрес: ул. Станиславского, д.7, оф.303, Нижний Новгород, Нижегородская обл., 603096 ",Сайт: p-s52.ru ,Телефон: 8 (831) 413-33-62 ,0,https://www.google.com/maps/place/%D0%9F%D0%A0%D0%95%D0%9C%D0%AC%D0%95%D0%A0-%D0%A1%D0%95%D0%9A%D0%AC%D0%AE%D0%A0%D0%98%D0%A2%D0%98/data=!4m5!3m4!1s0x4151d7cf5bf816c7:0x2eaf4662e0031f65!8m2!3d56.351774!4d43.837478?authuser=0&hl=ru&rclk=1,False,False
NIN,"Гарант, охранное агентство","Адрес: ул. Октябрьская, 39 в, Дзержинск, Нижегородская обл., 606000 ",Не указан,Телефон: 8 (951) 904-40-50 ,1,"https://www.google.com/maps/place/%D0%93%D0%B0%D1%80%D0%B0%D0%BD%D1%82,+%D0%BE%D1%85%D1%80%D0%B0%D0%BD%D0%BD%D0%BE%D0%B5+%D0%B0%D0%B3%D0%B5%D0%BD%D1%82%D1%81%D1%82%D0%B2%D0%BE/data=!4m5!3m4!1s0x414e3a99e807f759:0x89507c614bbb91b5!8m2!3d56.2354417!4d43.4762544?authuser=0&hl=ru&rclk=1","https://www.google.com/maps/place/%D0%93%D0%B0%D1%80%D0%B0%D0%BD%D1%82,+%D0%BE%D1%85%D1%80%D0%B0%D0%BD%D0%BD%D0%BE%D0%B5+%D0%B0%D0%B3%D0%B5%D0%BD%D1%82%D1%81%D1%82%D0%B2%D0%BE/@56.2354417,43.4740657,17z/data=!4m7!3m6!1s0x414e3a99e807f759:0x89507c614bbb91b5!8m2!3d56.2354341!4d43.4762097!9m1!1b1?authuser=0&hl=ru",https://www.google.com/maps/preview/review/listentitiesreviews?authuser=0&hl=ru&gl=ru&authuser=0&pb=!1m2!1y4705763093345990489!2y9894545138657235381!2m2!1i0!2i10!3e1!4m5!3b1!4b1!5b1!6b1!7b1!5m2!1sE6l6YaXrGYKbrgTGr6VQ!7e81
NIN,ЗАСЛОН,"Адрес: ул.Варварская, д.32, лит.В, Нижний Новгород, Нижегородская обл., 603006 ",Сайт: chop-zaslon.com ,Телефон: 8 (831) 215-16-00 ,0,https://www.google.com/maps/place/%D0%97%D0%90%D0%A1%D0%9B%D0%9E%D0%9D/data=!4m5!3m4!1s0x4151d44fc4530f97:0x7e267957924a7124!8m2!3d56.322063!4d44.012222?authuser=0&hl=ru&rclk=1,False,False
NIN,Гром,"Адрес: ул. Почтовый Съезд, 3А, Нижний Новгород, Нижегородская обл., 603001 ",Сайт: sbgrom.ru ,Телефон: 8 (929) 045-04-48 ,0,https://www.google.com/maps/place/%D0%93%D1%80%D0%BE%D0%BC/data=!4m5!3m4!1s0x4151d4342f100727:0x40a260140c0b73e8!8m2!3d56.327826!4d43.987595?authuser=0&hl=ru&rclk=1,False,False
NIN,Свит лайф секьюрити,"Адрес: Комсомольское ш., 4, Нижний Новгород, Нижегородская обл., 603028 ",Не указан,Телефон: 8 (831) 257-80-80 ,0,https://www.google.com/maps/place/%D0%A1%D0%B2%D0%B8%D1%82+%D0%BB%D0%B0%D0%B9%D1%84+%D1%81%D0%B5%D0%BA%D1%8C%D1%8E%D1%80%D0%B8%D1%82%D0%B8/data=!4m5!3m4!1s0x4151d5f5209d8499:0xc34e06ffb84a3a4c!8m2!3d56.2959224!4d43.9268407?authuser=0&hl=ru&rclk=1,False,False
NIN,Барс-нн,"Адрес: ул. Гордеевская, 7, Нижний Новгород, Нижегородская обл., 603116 ",Не указан,Телефон: 8 (831) 241-26-24 ,0,https://www.google.com/maps/place/%D0%91%D0%B0%D1%80%D1%81-%D0%BD%D0%BD/data=!4m5!3m4!1s0x4151d5da041e727d:0xee906fd59aadac81!8m2!3d56.3250597!4d43.9467757?authuser=0&hl=ru&rclk=1,False,False
NIN,ЕСАУЛ-1,"Адрес: ул. Нестерова, 9, Нижний Новгород, Нижегородская обл., 603005 ",Сайт: e-1.su ,Телефон: 8 (831) 419-52-82 ,0,https://www.google.com/maps/place/%D0%95%D0%A1%D0%90%D0%A3%D0%9B-1/data=!4m5!3m4!1s0x4151d4450693242f:0xc92c9fb6887f3bc7!8m2!3d56.325822!4d44.015717?authuser=0&hl=ru&rclk=1,False,False
NIN,Группа охранных компаний Центурион-НН,"Адрес: ул. Луначарского, 55, Бор, Нижегородская обл., 606440 ",Сайт: centurion-nn.ru ,Телефон: 8 (831) 280-83-31 ,0,https://www.google.com/maps/place/%D0%93%D1%80%D1%83%D0%BF%D0%BF%D0%B0+%D0%BE%D1%85%D1%80%D0%B0%D0%BD%D0%BD%D1%8B%D1%85+%D0%BA%D0%BE%D0%BC%D0%BF%D0%B0%D0%BD%D0%B8%D0%B9+%D0%A6%D0%B5%D0%BD%D1%82%D1%83%D1%80%D0%B8%D0%BE%D0%BD-%D0%9D%D0%9D/data=!4m5!3m4!1s0x4151d3f3190fbe4b:0x6c4fd5bc2355a614!8m2!3d56.3575931!4d44.0546793?authuser=0&hl=ru&rclk=1,False,False
NIN,"Ооо Чоп ""Багира""","Адрес: ул. Бориса Корнилова, 6-1, Нижний Новгород, Нижегородская обл., 603106 ",Сайт: bagira-nn.ru ,Не указан,0,https://www.google.com/maps/place/%D0%9E%D0%BE%D0%BE+%D0%A7%D0%BE%D0%BF+%22%D0%91%D0%B0%D0%B3%D0%B8%D1%80%D0%B0%22/data=!4m5!3m4!1s0x4151d4e3d164a633:0x8738ca80a5edae38!8m2!3d56.3005017!4d44.0434042?authuser=0&hl=ru&rclk=1,False,False
NIN,ООО Эскор,"Адрес: ш.,, ул. Казанское ш., 10 корпус 4, корпус 1, Нижний Новгород, Нижегородская обл., 603087 ",Сайт: escornn.ru ,Телефон: 8 (831) 296-23-11 ,0,https://www.google.com/maps/place/%D0%9E%D0%9E%D0%9E+%D0%AD%D1%81%D0%BA%D0%BE%D1%80/data=!4m5!3m4!1s0x4151d4c552594487:0xc18627427da6f727!8m2!3d56.2867848!4d44.079106?authuser=0&hl=ru&rclk=1,False,False
NIN,РОСГВАРДИЯ,"Адрес: просп. Гагарина, д. 42, Нижний Новгород, Нижегородская обл., 603057 ",Сайт: rosguard.academy ,Телефон: 8 (831) 412-00-07 ,0,https://www.google.com/maps/place/%D0%A0%D0%9E%D0%A1%D0%93%D0%92%D0%90%D0%A0%D0%94%D0%98%D0%AF/data=!4m5!3m4!1s0x4151d5a00ff7db79:0x3aa101ca9424324e!8m2!3d56.2942497!4d43.9835818?authuser=0&hl=ru&rclk=1,False,False
NIN,"Цезарь Сателлит, торговая компания","Адрес: ул. Нестерова, 9, Нижний Новгород, Нижегородская обл., 603005 ",Сайт: csat.ru ,Телефон: 8 (910) 883-88-75 ,0,"https://www.google.com/maps/place/%D0%A6%D0%B5%D0%B7%D0%B0%D1%80%D1%8C+%D0%A1%D0%B0%D1%82%D0%B5%D0%BB%D0%BB%D0%B8%D1%82,+%D1%82%D0%BE%D1%80%D0%B3%D0%BE%D0%B2%D0%B0%D1%8F+%D0%BA%D0%BE%D0%BC%D0%BF%D0%B0%D0%BD%D0%B8%D1%8F/data=!4m5!3m4!1s0x4151d445059ae571:0xab03117efeb5ee10!8m2!3d56.325822!4d44.015717?authuser=0&hl=ru&rclk=1",False,False
NIN,"Буцефал, частная охранная организация","Адрес: ул. Тимирязева, 7/2, Нижний Новгород, Нижегородская обл., 603022 ",Сайт: bucefal-nnov.ru ,Телефон: 8 (909) 282-39-77 ,0,"https://www.google.com/maps/place/%D0%91%D1%83%D1%86%D0%B5%D1%84%D0%B0%D0%BB,+%D1%87%D0%B0%D1%81%D1%82%D0%BD%D0%B0%D1%8F+%D0%BE%D1%85%D1%80%D0%B0%D0%BD%D0%BD%D0%B0%D1%8F+%D0%BE%D1%80%D0%B3%D0%B0%D0%BD%D0%B8%D0%B7%D0%B0%D1%86%D0%B8%D1%8F/data=!4m5!3m4!1s0x4151d5a928b78cd7:0xf73b1ffd8de24bbe!8m2!3d56.306363!4d43.9985964?authuser=0&hl=ru&rclk=1",False,False
NIN,Ассоциация Русь,"Адрес: ул. Совнаркомовская, 1, Нижний Новгород, Нижегородская обл., 603002 ",Сайт: rusnn.com ,Телефон: 8 (831) 277-62-02 ,3,https://www.google.com/maps/place/%D0%90%D1%81%D1%81%D0%BE%D1%86%D0%B8%D0%B0%D1%86%D0%B8%D1%8F+%D0%A0%D1%83%D1%81%D1%8C/data=!4m5!3m4!1s0x4151d42b4214ac57:0x55e9def98d64ce5f!8m2!3d56.332191!4d43.966445?authuser=0&hl=ru&rclk=1,"https://www.google.com/maps/place/%D0%90%D1%81%D1%81%D0%BE%D1%86%D0%B8%D0%B0%D1%86%D0%B8%D1%8F+%D0%A0%D1%83%D1%81%D1%8C/@56.332191,43.9642563,17z/data=!4m7!3m6!1s0x4151d42b4214ac57:0x55e9def98d64ce5f!8m2!3d56.332191!4d43.966445!9m1!1b1?authuser=0&hl=ru",https://www.google.com/maps/preview/review/listentitiesreviews?authuser=0&hl=ru&gl=ru&authuser=0&pb=!1m2!1y4706776367836212311!2y6190724326197874271!2m2!1i0!2i10!3e1!4m5!3b1!4b1!5b1!6b1!7b1!5m2!1szql6YYHDCpO_rgTs_5TAAQ!7e81
NIN,МЕДВЕДЬ,"Адрес: ул. Печерский Съезд, дом 24 А, офис 202, Нижний Новгород, Нижегородская обл., 603001 ",Сайт: охрана-медведь.online ,Телефон: 8 (920) 259-00-70 ,0,https://www.google.com/maps/place/%D0%9C%D0%95%D0%94%D0%92%D0%95%D0%94%D0%AC/data=!4m5!3m4!1s0x4151d45fa34985d9:0xd0f3b244d2ed51f2!8m2!3d56.3227153!4d44.0416159?authuser=0&hl=ru&rclk=1,False,False
NIN,ЛАКС-НН,"Адрес: ш. Жиркомбината, д. 11, Нижний Новгород, Нижегородская обл., 603028 ",Не указан,Телефон: 8 (831) 241-37-40 ,0,https://www.google.com/maps/place/%D0%9B%D0%90%D0%9A%D0%A1-%D0%9D%D0%9D/data=!4m5!3m4!1s0x4151d5e34e98fe9f:0x18c1f1c1a286aaa5!8m2!3d56.3118646!4d43.9156798?authuser=0&hl=ru&rclk=1,False,False
NIN,ЦЕНТУРИОН-РЕГИОН,"Адрес: ул. Луначарского, 55, Бор, Нижегородская обл., 606440 ",Сайт: centurion-nn.ru ,Телефон: 8 (831) 597-41-31 ,8,https://www.google.com/maps/place/%D0%A6%D0%95%D0%9D%D0%A2%D0%A3%D0%A0%D0%98%D0%9E%D0%9D-%D0%A0%D0%95%D0%93%D0%98%D0%9E%D0%9D/data=!4m5!3m4!1s0x4151d3f3190fbe4b:0x1ac482613c788bf0!8m2!3d56.3575931!4d44.0546793?authuser=0&hl=ru&rclk=1,"https://www.google.com/maps/place/%D0%A6%D0%95%D0%9D%D0%A2%D0%A3%D0%A0%D0%98%D0%9E%D0%9D-%D0%A0%D0%95%D0%93%D0%98%D0%9E%D0%9D/@56.3575931,44.0524906,17z/data=!4m7!3m6!1s0x4151d3f3190fbe4b:0x1ac482613c788bf0!8m2!3d56.3575773!4d44.0546667!9m1!1b1?authuser=0&hl=ru",https://www.google.com/maps/preview/review/listentitiesreviews?authuser=0&hl=ru&gl=ru&authuser=0&pb=!1m2!1y4706776126629854795!2y1928809894559386608!2m2!1i0!2i10!3e1!4m5!3b1!4b1!5b1!6b1!7b1!5m2!1s9ql6YdPnPMOGwPAPyrSQuAU!7e81
NIN,АРБ Защита,"Адрес: Красноэтновская ул., д.3, Нижний Новгород, Нижегородская обл., 603163 ",Сайт: business.site ,Телефон: 8 (831) 291-76-36 ,0,https://www.google.com/maps/place/%D0%90%D0%A0%D0%91+%D0%97%D0%B0%D1%89%D0%B8%D1%82%D0%B0/data=!4m5!3m4!1s0x414e2b2111e6eecb:0x3119d1bc6f47ca2a!8m2!3d56.2996882!4d43.9023919?authuser=0&hl=ru&rclk=1,False,False
NIN,"Ооо ""Чоп Омега""","Адрес: ул. Полтавская, дом 30, Нижний Новгород, Нижегородская обл., 603089 ",Не указан,Не указан,0,https://www.google.com/maps/place/%D0%9E%D0%BE%D0%BE+%22%D0%A7%D0%BE%D0%BF+%D0%9E%D0%BC%D0%B5%D0%B3%D0%B0%22/data=!4m5!3m4!1s0x4151d4f8870a0fb1:0x7dd47df7f0e9dc59!8m2!3d56.313602!4d44.028416?authuser=0&hl=ru&rclk=1,False,False
NIN,"Ооо Чоп ""Леон. К.б.""","Адрес: пр. Ленина, 97, Нижний Новгород, Нижегородская обл., 603004 ",Не указан,Не указан,0,https://www.google.com/maps/place/%D0%9E%D0%BE%D0%BE+%D0%A7%D0%BE%D0%BF+%22%D0%9B%D0%B5%D0%BE%D0%BD.+%D0%9A.%D0%B1.%22/data=!4m5!3m4!1s0x414e2a547ecc806b:0x99b745aa2845d95b!8m2!3d56.2541619!4d43.8917572?authuser=0&hl=ru&rclk=1,False,False
NIN,Флагман,"Адрес: ул. Козицкого д.7, П1, офис 3, Нижний Новгород, Нижегородская обл., 603122 ",Не указан,Телефон: 8 (831) 468-88-25 ,0,https://www.google.com/maps/place/%D0%A4%D0%BB%D0%B0%D0%B3%D0%BC%D0%B0%D0%BD/data=!4m5!3m4!1s0x4151d520ef51c639:0x52660bedaf24513d!8m2!3d56.2909846!4d44.0500456?authuser=0&hl=ru&rclk=1,False,False
NIN,"C БЕЗОПАСНОСТЬ, частная охранная организация","Адрес: Нижний Новгород, Нижегородская обл., 603002 ",Не указан,Телефон: 8 (831) 246-07-06 ,0,"https://www.google.com/maps/place/C+%D0%91%D0%95%D0%97%D0%9E%D0%9F%D0%90%D0%A1%D0%9D%D0%9E%D0%A1%D0%A2%D0%AC,+%D1%87%D0%B0%D1%81%D1%82%D0%BD%D0%B0%D1%8F+%D0%BE%D1%85%D1%80%D0%B0%D0%BD%D0%BD%D0%B0%D1%8F+%D0%BE%D1%80%D0%B3%D0%B0%D0%BD%D0%B8%D0%B7%D0%B0%D1%86%D0%B8%D1%8F/data=!4m5!3m4!1s0x4151d5d33015ca49:0x385f0de2ad1a824b!8m2!3d56.3311746!4d43.9638367?authuser=0&hl=ru&rclk=1",False,False
